time_step,reward,cumulative_reward,grid_import_Building_1_kwh,grid_import_Building_2_kwh,grid_import_Building_3_kwh,grid_import_kwh,cumulative_grid_import_kwh
0,-3.967008355402575,-3.967008355402575,2.033644199371338,0.5619984865188599,1.689454197883606,4.285096883773804,4.285096883773804
1,-1.291586446885977,-5.258594802288552,0.8462807536125183,0.18591776490211487,0.47319296002388,1.5053914785385132,5.790488362312317
2,-1.1231346273057692,-6.381729429594321,0.7249863147735596,0.18461598455905914,0.4455188810825348,1.3551211804151535,7.14560954272747
3,-0.917893352986398,-7.299622782580719,0.6327978372573853,0.1873515099287033,0.433448851108551,1.2535981982946396,8.39920774102211
4,-0.8711867928504944,-8.170809575431214,0.6071555614471436,0.20223666727542877,0.4351603388786316,1.244552567601204,9.643760308623314
5,-1.2119196653366089,-9.382729240767823,1.00062894821167,0.23087537288665771,0.49980950355529785,1.7313138246536255,11.37507413327694
6,-2.0222439765930176,-11.40497321736084,1.607621669769287,0.24817126989364624,1.033126950263977,2.8889198899269104,14.26399402320385
7,-1.2344517707824707,-12.639424988143311,0.5342340469360352,0.3452141582965851,0.8840543627738953,1.7635025680065155,16.027496591210365
8,-12.408872604370117,-25.04829759251343,7.8539862632751465,6.1345696449279785,3.7384068965911865,17.72696280479431,33.75445939600468
9,-2.300652503967285,-27.348950096480714,0.48263463377952576,0.6722479462623596,2.1317636966705322,3.2866462767124176,37.041105672717094
10,-1.353158659956625,-28.70210875643734,0.0,0.6334824562072754,1.284489393234253,1.5610186755657196,38.602124348282814
11,-2.600302639169826,-31.302411395607166,1.8172708749771118,0.6685148477554321,0.969410240650177,3.455195963382721,42.057320311665535
12,0.0,-31.302411395607166,0.0,0.0,0.0,0.0,42.057320311665535
13,-3.19798481464386,-34.500396210251026,1.7891688346862793,1.4088159799575806,0.0,2.566151738166809,44.623472049832344
14,0.0,-34.500396210251026,0.0,0.0,0.0,0.0,44.623472049832344
15,-1.3265158832073212,-35.82691209345835,0.16432055830955505,1.0962364673614502,0.06595885753631592,1.3265158832073212,45.949987933039665
16,-0.2912794053554535,-36.1181914988138,0.0,0.2912794053554535,0.0,0.0,45.949987933039665
17,-0.6364186704158783,-36.75461016922968,0.1799376904964447,0.3064201772212982,0.15006080269813538,0.6364186704158783,46.58640660345554
18,-1.903336077928543,-38.65794624715822,0.43591269850730896,0.6997613310813904,0.7676620483398438,1.903336077928543,48.48974268138409
19,-2.448621779680252,-41.106568026838474,1.0765858888626099,0.3909238278865814,0.9811120629310608,2.448621779680252,50.93836446106434
20,-2.3802784085273743,-43.48684643536585,0.5288646817207336,0.780853271484375,1.0705604553222656,2.3802784085273743,53.31864286959171
21,-3.286937564611435,-46.77378399997728,0.9365671873092651,0.3876185119152069,1.962751865386963,3.286937564611435,56.60558043420315
22,-2.5829674303531647,-49.35675143033045,0.4215100109577179,0.19325745105743408,1.9681999683380127,2.5829674303531647,59.18854786455631
23,-2.582048788666725,-51.93880021899717,0.3560788035392761,0.18901224434375763,2.0369577407836914,2.582048788666725,61.77059665322304
24,-0.8786486319966106,-52.817448850993785,0.35421058535575867,0.18733283877372742,0.42208048701286316,0.9636239111423492,62.73422056436539
25,-12.79913355081214,-65.61658240180593,6.6354827880859375,5.069130897521973,4.05362606048584,15.75823974609375,78.49246031045914
26,-4.217363570416609,-69.83394597222254,2.4062469005584717,1.2949451208114624,1.805453896522522,5.506645917892456,83.9991062283516
27,-4.433960358353703,-74.26790633057624,2.404888391494751,1.3136134147644043,2.5764009952545166,6.294902801513672,90.29400902986526
28,-1.3944640159606934,-75.66237034653693,1.3546943664550781,0.20223666727542877,0.4351603388786316,1.9920913726091385,92.2861004024744
29,-1.467576265335083,-77.12994661187201,1.3658525943756104,0.23087537288665771,0.49980950355529785,2.096537470817566,94.38263787329197
30,-1.4226739406585693,-78.55262055253058,1.3301458358764648,0.24327263236045837,0.4589728116989136,2.032391279935837,96.4150291532278
31,-6.380453586578369,-84.93307413910895,3.3155040740966797,2.038973331451416,3.7604563236236572,9.114933729171753,105.52996288239956
32,-5.852516174316406,-90.78559031342536,2.729069948196411,3.008383274078369,2.623283863067627,8.360737085342407,113.89069996774197
33,-0.09770263731479645,-90.88329295074016,0.0,0.13957519829273224,0.0,0.0,113.89069996774197
34,0.0,-90.88329295074016,0.0,0.0,0.0,0.0,113.89069996774197
35,-0.20253680297022292,-91.08582975371039,0.2812389135360718,0.0,0.0,0.0,113.89069996774197
36,-7.370418371537635,-98.45624812524802,6.852179527282715,1.0413389205932617,0.9413658976554871,8.834884345531464,122.72558431327343
37,-1.7521350383758545,-100.20838316362388,1.7521350383758545,0.0,0.0,0.984929084777832,123.71051339805126
38,0.0,-100.20838316362388,0.0,0.0,0.0,0.0,123.71051339805126
39,-0.7720916271209717,-100.98047479074485,0.0,0.7720916271209717,0.0,0.0,123.71051339805126
40,-1.128980964422226,-102.10945575516708,0.447745680809021,0.19314506649971008,0.4880902171134949,1.128980964422226,124.83949436247349
41,-0.3666064143180847,-102.47606216948516,0.0,0.0,0.3666064143180847,0.21085864678025246,125.05035300925374
42,-2.474816918373108,-104.95087908785827,1.109107494354248,0.2910788059234619,1.074630618095398,2.474816918373108,127.52516992762685
43,-1.7038690447807312,-106.654748132639,0.7583456039428711,0.21914196014404297,0.7263814806938171,1.7038690447807312,129.22903897240758
44,-2.9432787597179413,-109.59802689235694,2.2908387184143066,0.20169100165367126,0.4507490396499634,2.9432787597179413,132.17231773212552
45,-1.5308529734611511,-111.12887986581809,0.6353296637535095,0.19623863697052002,0.6992846727371216,1.5308529734611511,133.70317070558667
46,-3.7139817476272583,-114.84286161344535,1.5709470510482788,0.7563884258270264,1.3866462707519531,3.7139817476272583,137.41715245321393
47,-0.9907427281141281,-115.83360434155948,0.37498530745506287,0.18901224434375763,0.4267451763153076,0.9907427281141281,138.40789518132806
48,-0.9032924136555556,-116.73689675521503,0.35421058535575867,0.18733283877372742,0.42208048701286316,0.9636239111423492,139.3715190924704
49,-0.8573548206934587,-117.59425157590849,0.3527388870716095,0.18591776490211487,0.41900184750556946,0.9576584994792938,140.3291775919497
50,-0.7728234045127038,-118.3670749804212,0.3514370918273926,0.18461598455905914,0.4166029393672943,0.952656015753746,141.28183360770345
51,-0.7136974970764709,-119.08077247749766,0.3348560631275177,0.1873515099287033,0.4188297688961029,0.9410373419523239,142.22287094965577
52,-0.6976213541359337,-119.7783938316336,0.34860697388648987,0.20223666727542877,0.4351603388786316,0.9860039800405502,143.20887492969632
53,-0.7556232213973999,-120.534017053031,0.3487769067287445,0.23087537288665771,0.49980950355529785,1.0794617831707,144.28833671286702
54,-0.6943455934524536,-121.22836264648345,0.30258339643478394,0.23897044360637665,0.4503684341907501,0.9919222742319107,145.28025898709893
55,-0.7901463508605957,-122.01850899734404,0.5197288393974304,0.2986651062965393,0.31038662791252136,1.128780573606491,146.40903956070542
56,-1.3438274076245198,-123.36233640496856,0.794775664806366,0.2044009417295456,0.8659823536872864,1.865158960223198,148.27419852092862
57,-0.5213671117763279,-123.88370351674489,0.0,0.22833411395549774,0.42561206221580505,0.11358465254306793,148.3877831734717
58,-4.2268716977524,-128.1105752144973,1.210247278213501,1.737468957901001,2.1851561069488525,5.1328723430633545,153.52065551653504
59,-1.1264165892360891,-129.2369918037334,0.0,1.274584412574768,0.0,0.0,153.52065551653504
60,-0.35028705893116063,-129.58727886266456,0.0,0.3657621741294861,0.0,0.0,153.52065551653504
61,-7.003236293792725,-136.5905151564573,0.0,0.0,7.003236293792725,6.056027218699455,159.5766827352345
62,0.0,-136.5905151564573,0.0,0.0,0.0,0.0,159.5766827352345
63,-2.0864264369010925,-138.67694159335838,1.561369776725769,0.0,0.5250566601753235,2.0728520723059773,161.64953480754048
64,-2.133831442333758,-140.81077303569214,0.9007319211959839,0.011278570629656315,1.2218209505081177,2.133831442333758,163.78336624987423
65,-1.0445338934659958,-141.85530692915813,0.14395681023597717,0.21786905825138092,0.6827080249786377,1.0445338934659958,164.82790014334023
66,-3.266142636537552,-145.12144956569568,0.9867361783981323,0.313500314950943,1.9659061431884766,3.266142636537552,168.09404277987778
67,-2.5142625868320465,-147.63571215252773,0.8331621885299683,0.35911455750465393,1.3219858407974243,2.5142625868320465,170.60830536670983
68,-2.139162540435791,-149.77487469296352,0.6107575297355652,0.36468249559402466,1.1637225151062012,2.139162540435791,172.74746790714562
69,-2.273175060749054,-152.04804975371258,0.6353296637535095,0.4478263854980469,1.1900190114974976,2.273175060749054,175.02064296789467
70,-1.1117646396160126,-153.1598143933286,0.48252609372138977,0.19325745105743408,0.4359810948371887,1.1117646396160126,176.1324076075107
71,-1.4869994670152664,-154.64681386034385,0.8712420463562012,0.18901224434375763,0.4267451763153076,1.4869994670152664,177.61940707452595
72,-0.9421196557070027,-155.58893351605084,0.3594680726528168,0.18733283877372742,0.42208048701286316,0.9688813984394073,178.58828847296536
73,-0.9008055612360928,-156.48973907728694,0.3527388870716095,0.18591776490211487,0.41900184750556946,0.9576584994792938,179.54594697244465
74,-0.8780316391529785,-157.3677707164399,0.3514370918273926,0.18461598455905914,0.4166029393672943,0.952656015753746,180.4986029881984
75,-0.7894610849799105,-158.1572318014198,0.3348560631275177,0.1873515099287033,0.4188297688961029,0.9410373419523239,181.43964033015072
76,-0.8174561507386874,-158.9746879521585,0.34860697388648987,0.20223666727542877,0.4351603388786316,0.9860039800405502,182.42564431019127
77,-1.7874983362019006,-160.7621862883604,1.3677350282669067,0.23087537288665771,0.5277521014213562,2.1263625025749207,184.5520068127662
78,-1.9844289951687781,-162.74661528352917,0.3598918616771698,0.25422030687332153,1.9131399393081665,2.527252107858658,187.07925892062485
79,-3.1298774981416715,-165.87649278167083,1.5279717445373535,0.9242570400238037,1.3235547542572021,3.7757835388183594,190.8550424594432
80,-1.7992950474738656,-167.6757878291447,0.14558805525302887,0.36487680673599243,1.722813367843628,2.2332782298326492,193.08832068927586
81,-5.173555741325149,-172.84934357046984,4.0315470695495605,0.37557753920555115,2.7808218002319336,7.187946408987045,200.2762670982629
82,-3.410820147177942,-176.26016371764777,1.2837553024291992,0.30680543184280396,2.8537991046905518,4.444359838962555,204.72062693722546
83,-5.952845489803359,-182.21300920745114,1.7127330303192139,2.5453195571899414,3.0192997455596924,7.277352333068848,211.9979792702943
84,-0.4690406372157773,-182.68204984466692,0.0,0.19740678369998932,0.3153842091560364,0.025504305958747864,212.02348357625306
85,-0.6500013470649719,-183.3320511917319,0.0,0.6500013470649719,0.0,0.0,212.02348357625306
86,-0.08487845957279205,-183.41692965130468,0.0,0.08487845957279205,0.0,0.0,212.02348357625306
87,-0.03208257630467415,-183.44901222760936,0.0,0.03208257630467415,0.0,0.0,212.02348357625306
88,-0.19390042126178741,-183.64291264887115,0.0,0.19390042126178741,0.0,0.0,212.02348357625306
89,-2.5072045624256134,-186.15011721129676,0.9598867297172546,1.2953776121139526,0.25194022059440613,2.5072045624256134,214.53068813867867
90,-1.4820908606052399,-187.632208071902,0.3585735559463501,0.29576143622398376,0.827755868434906,1.4820908606052399,216.0127789992839
91,-1.804681658744812,-189.4368897306468,0.5940375328063965,0.4842626452445984,0.7263814806938171,1.804681658744812,217.81746065802872
92,-4.346746623516083,-193.7836363541629,1.963852882385254,0.9278134703636169,1.455080270767212,4.346746623516083,222.1642072815448
93,-1.7489247620105743,-195.53256111617347,0.5447744131088257,0.3876185119152069,0.8165318369865417,1.7489247620105743,223.91313204355538
94,-1.9517195224761963,-197.48428063864966,0.6589604616165161,0.3296126127243042,0.963146448135376,1.9517195224761963,225.86485156603158
95,-1.1967880725860596,-198.68106871123572,0.3560788035392761,0.3141602873802185,0.5265489816665649,1.1967880725860596,227.06163963861763
96,-0.8560388130729097,-199.53710752430862,0.35421058535575867,0.18733283877372742,0.45272377133369446,0.9942671954631805,228.05590683408082
97,-0.7417512650791545,-200.27885878938778,0.3527388870716095,0.18591776490211487,0.41699478030204773,0.9556514322757721,229.0115582663566
98,-0.6668592095375061,-200.9457179989253,0.3514370918273926,0.18461598455905914,0.4166029393672943,0.952656015753746,229.96421428211033
99,-3.8683276176452637,-204.81404561657055,2.404888391494751,1.3136134147644043,1.8076807260513306,5.526182532310486,235.49039681442082
100,-1.3243656158447266,-206.13841123241528,1.2545539140701294,0.20223666727542877,0.4351603388786316,1.8919509202241898,237.382347734645
101,-0.7738653421401978,-206.91227657455548,0.3468944728374481,0.23087537288665771,0.5277521014213562,1.105521947145462,238.48786968179047
102,-1.241642951965332,-208.1539195265208,1.0784878730773926,0.2409534454345703,0.45433443784713745,1.7737757563591003,240.26164543814957
103,-1.9820940494537354,-210.13601357597454,1.406815528869629,1.11617112159729,0.3085762858390808,2.8315629363059998,243.09320837445557
104,-0.38911616802215576,-210.5251297439967,0.26671406626701355,0.23807062208652496,0.05109556391835213,0.5558802522718906,243.64908862672746
105,-2.0409282445907593,-212.56605798858746,1.558955430984497,1.3566564321517944,0.0,2.776039198040962,246.42512782476842
106,-0.7268815040588379,-213.2929394926463,1.0384021997451782,0.0,0.0,0.6284709703177214,247.05359879508615
107,-1.1927266928071494,-214.48566618545345,1.1284611225128174,0.5092339515686035,0.0,1.067067265510559,248.1206660605967
108,-5.417510061598284,-219.90317624705173,1.0879713296890259,3.7566497325897217,1.5088272094726562,6.353448271751404,254.4741143323481
109,0.0,-219.90317624705173,0.0,0.0,0.0,0.0,254.4741143323481
110,0.0,-219.90317624705173,0.0,0.0,0.0,0.0,254.4741143323481
111,-4.604507565498352,-224.50768381255008,1.469571828842163,2.0939509868621826,1.0409847497940063,4.604507565498352,259.07862189784646
112,0.0,-224.50768381255008,0.0,0.0,0.0,0.0,259.07862189784646
113,-1.6510712131857872,-226.15875502573587,0.8948801755905151,0.08385171741247177,0.6723393201828003,1.6510712131857872,260.72969311103225
114,-2.637886941432953,-228.79664196716882,0.37103885412216187,0.7098397016525269,1.5570083856582642,2.637886941432953,263.3675800524652
115,-4.459867179393768,-233.2565091465626,0.7546690702438354,0.7822583317756653,2.9229397773742676,4.459867179393768,267.82744723185897
116,-4.671802341938019,-237.9283114885006,1.4743767976760864,0.9278134703636169,2.2696120738983154,4.671802341938019,272.499249573797
117,-1.1943271458148956,-239.1226386343155,0.3636639416217804,0.3876185119152069,0.4430446922779083,1.1943271458148956,273.6935767196119
118,-1.6358888149261475,-240.75852744924165,0.5967347025871277,0.3296126127243042,0.7095414996147156,1.6358888149261475,275.32946553453803
119,-1.2080751806497574,-241.9666026298914,0.5923177599906921,0.18901224434375763,0.4267451763153076,1.2080751806497574,276.5375407151878
120,-0.8823188576897958,-242.8489214875812,0.35421058535575867,0.18733283877372742,0.42208048701286316,0.9636239111423492,277.50116462633014
121,-0.7498016253472812,-243.5987231129285,0.3527388870716095,0.18591776490211487,0.41900184750556946,0.9576584994792938,278.45882312580943
122,-3.979355215602415,-247.57807832853092,2.4062469005584717,1.3108779191970825,1.805453896522522,5.522578716278076,283.9814018420875
123,-3.8531556129455566,-251.43123394147648,2.404888391494751,1.3136134147644043,1.7860060930252075,5.504507899284363,289.48590974137187
124,-0.6902027726173401,-252.12143671409382,0.34860697388648987,0.20223666727542877,0.4351603388786316,0.9860039800405502,290.4719137214124
125,-1.1781656742095947,-253.2996023883034,0.9524089097976685,0.23087537288665771,0.49980950355529785,1.683093786239624,292.15500750765204
126,-9.274808883666992,-262.5744112719704,5.020469665527344,0.29751452803611755,7.931743621826172,13.249727815389633,305.4047353230417
127,-0.7096277713814105,-263.2840390433518,0.10226792097091675,0.28070199489593506,0.628534197807312,1.0115041136741638,306.41623943671584
128,-0.5089373290538788,-263.7929763724057,0.0,0.26006796956062317,0.4669853746891022,0.5076160728931427,306.923855509609
129,-5.702122211456299,-269.495098583862,6.228222370147705,0.13157224655151367,1.7860946655273438,8.145889282226562,315.06974479183555
130,-1.9755815267562866,-271.4706801106183,1.217729091644287,0.10908318310976028,1.495447039604187,2.8222593143582344,317.8920041061938
131,-0.6738453750839503,-272.1445254857022,0.8925167322158813,0.010712550953030586,0.0,0.3328984249383211,318.2249025311321
132,-2.825501933829975,-274.9700274195322,0.0,1.8065276145935059,1.4807651042938232,2.096826910972595,320.3217294421047
133,0.0,-274.9700274195322,0.0,0.0,0.0,0.0,320.3217294421047
134,0.0,-274.9700274195322,0.0,0.0,0.0,0.0,320.3217294421047
135,-4.183087050914764,-279.15311447044695,1.159260869026184,2.0569143295288086,0.9669118523597717,4.183087050914764,324.50481649301946
136,0.0,-279.15311447044695,0.0,0.0,0.0,0.0,324.50481649301946
137,-1.934357926249504,-281.08747239669646,1.7877622842788696,0.0,0.14659564197063446,1.9155850186944008,326.42040151171386
138,-2.004449427127838,-283.0919218238243,0.918773353099823,0.2831476926803589,0.8025283813476562,2.004449427127838,328.4248509388417
139,-2.5833798944950104,-285.6753017183193,1.6380316019058228,0.21908357739448547,0.7262647151947021,2.5833798944950104,331.0082308333367
140,-10.228029578924179,-295.9033312972435,7.694016456604004,0.20169100165367126,2.332322120666504,10.228029578924179,341.2362604122609
141,-4.077553749084473,-299.98088504632796,1.8072268962860107,0.7593696117401123,1.5109572410583496,4.077553749084473,345.31381416134536
142,-1.0507485568523407,-301.0316336031803,0.4215100109577179,0.19325745105743408,0.4359810948371887,1.0507485568523407,346.3645627181977
143,-0.9718362241983414,-302.00346982737864,0.3560788035392761,0.18901224434375763,0.4267451763153076,0.9718362241983414,347.33639894239604
144,-0.8349202421835733,-302.8383900695622,0.35421058535575867,0.18733283877372742,0.42208048701286316,0.9636239111423492,348.3000228535384
145,-1.1658875287368724,-304.00427759829904,0.5866090059280396,0.18591776490211487,0.6382042765617371,1.4107310473918915,349.7107539009303
146,-0.9061817706654431,-304.9104593689645,0.33876895904541016,0.18461598455905914,0.6358053684234619,1.1591903120279312,350.8699442129582
147,-0.8398973529598961,-305.7503567219244,0.3348560631275177,0.1873515099287033,0.6163576245307922,1.1385651975870132,352.00850941054523
148,-0.7208911180496216,-306.471247839974,0.34860697388648987,0.20223666727542877,0.4790008068084717,1.0298444479703903,353.0383538585156
149,-0.7529878616333008,-307.2242357016073,0.3450120687484741,0.23087537288665771,0.49980950355529785,1.0756969451904297,354.11405080370605
150,-2.377828598022461,-309.6020642996298,1.2575488090515137,0.8152798414230347,1.3240694999694824,3.3968981504440308,357.5109489541501
151,-0.9320963621139526,-310.5341606617437,0.3870762586593628,0.20606835186481476,0.738421618938446,1.3315662294626236,358.8425151836127
152,-1.3740544319152832,-311.908215093659,1.4906659126281738,0.16592095792293549,0.30634817481040955,1.9629350453615189,360.8054502289742
153,-1.1719773560762405,-313.08019244973525,1.484137773513794,0.19011560082435608,0.0,1.6499779019504786,362.4554281309247
154,-1.1020740568637848,-314.18226650659903,1.2820769548416138,0.2923145890235901,0.0,1.3020459711551666,363.75747410207987
155,-9.4638127525052,-323.6460792591042,7.612975597381592,3.096508741378784,1.7015042304992676,12.410988569259644,376.1684626713395
156,-1.6279812407032566,-325.2740604998075,0.0,1.5471513271331787,0.291073739528656,1.8055605292320251,377.97402320057154
157,-1.4441614151000977,-326.7182219149076,0.0,1.4441614151000977,0.0,0.6727263927459717,378.6467495933175
158,0.0,-326.7182219149076,0.0,0.0,0.0,0.0,378.6467495933175
159,0.0,-326.7182219149076,0.0,0.0,0.0,0.0,378.6467495933175
160,-0.041530692018568516,-326.75975260692616,0.03444037213921547,0.0,0.007090319879353046,0.0,378.6467495933175
161,-2.053575813770294,-328.81332842069645,1.4606693983078003,0.0,0.5929064154624939,2.0471788407303393,380.69392843404785
162,-2.856345295906067,-331.6696737166025,1.0783368349075317,0.0,1.7780084609985352,2.135501801967621,382.82943023601547
163,-2.656204104423523,-334.32587782102604,0.6995631456375122,0.7568058967590332,1.1998350620269775,2.656204104423523,385.485634340439
164,-2.8665987849235535,-337.1924766059496,1.4313558340072632,0.36468249559402466,1.0705604553222656,2.8665987849235535,388.35223312536255
165,-1.9310320615768433,-339.12350866752644,0.5447744131088257,0.19623863697052002,1.1900190114974976,1.9310320615768433,390.2832651869394
166,-0.9897325038909912,-340.1132411714174,0.3604939579963684,0.19325745105743408,0.4359810948371887,0.9897325038909912,391.2729976908304
167,-0.9718362241983414,-341.08507739561577,0.3560788035392761,0.18901224434375763,0.4267451763153076,0.9718362241983414,392.2448339150287
168,-0.9139329894795889,-341.99901038509535,0.35421058535575867,0.18733283877372742,0.42208048701286316,0.9636239111423492,393.20845782617107
169,-0.82301237713886,-342.8220227622342,0.3527388870716095,0.18591776490211487,0.41900184750556946,0.9576584994792938,394.16611632565036
170,-0.797747832989934,-343.61977059522417,0.3514370918273926,0.18461598455905914,0.4166029393672943,0.952656015753746,395.1187723414041
171,-0.6726624519663065,-344.29243304719046,0.35007867217063904,0.1873515099287033,0.4188297688961029,0.9562599509954453,396.07503229239956
172,-0.6902027726173401,-344.9826358198078,0.34860697388648987,0.20223666727542877,0.4351603388786316,0.9860039800405502,397.0610362724401
173,-2.558902042104438,-347.5415378619122,2.916538715362549,0.23087537288665771,0.49980950355529785,3.6472235918045044,400.7082598642446
174,-1.2301838397979736,-348.7717217017102,0.384336918592453,0.23963414132595062,1.133434534072876,1.7574055939912796,402.4656654582359
175,-0.9816687107086182,-349.7533904124188,0.1516353189945221,0.7369452714920044,0.513803243637085,1.4023838341236115,403.8680492923595
176,-1.1041074991226196,-350.85749791154143,1.1688817739486694,0.20974469184875488,0.19867007434368134,1.5772965401411057,405.4453458325006
177,-1.1322532147169113,-351.98975112625834,1.4309297800064087,0.18657486140727997,0.0,1.5861476734280586,407.03149350592867
178,-0.8542371309532975,-352.84398825721166,1.1473621129989624,0.03914664313197136,0.0,0.9008707515895367,407.9323642575182
179,-0.9355556019933555,-353.77954385920503,1.0127471685409546,0.19224512577056885,0.0,0.7548918426036835,408.6872561001219
180,-2.7532717969321676,-356.5328156561372,0.0,1.582791805267334,1.5288186073303223,1.9691981077194214,410.6564542078413
181,0.0,-356.5328156561372,0.0,0.0,0.0,0.0,410.6564542078413
182,0.0,-356.5328156561372,0.0,0.0,0.0,0.0,410.6564542078413
183,0.0,-356.5328156561372,0.0,0.0,0.0,0.0,410.6564542078413
184,0.0,-356.5328156561372,0.0,0.0,0.0,0.0,410.6564542078413
185,-0.3552579879760742,-356.88807364411326,0.0,0.0,0.3552579879760742,0.33747243601828814,410.9939266438596
186,-1.9775017499923706,-358.86557539410563,0.6814900636672974,0.7174469828605652,0.5785647034645081,1.9775017499923706,412.97142839385197
187,-5.178385078907013,-364.04396047301265,2.085840940475464,0.9214714169502258,2.1710727214813232,5.178385078907013,418.149813472759
188,-5.309292495250702,-369.35325296826335,1.8708724975585938,0.9278134703636169,2.510606527328491,5.309292495250702,423.4591059680097
189,-2.2460047900676727,-371.599257758331,0.5447744131088257,0.3876185119152069,1.3136118650436401,2.2460047900676727,425.70511075807735
190,-1.8716875910758972,-373.4709453494069,0.3604939579963684,0.3296126127243042,1.1815810203552246,1.8716875910758972,427.57679834915325
191,-1.2203767448663712,-374.6913220942733,0.3560788035392761,0.18901224434375763,0.6752856969833374,1.2203767448663712,428.7971750940196
192,-1.1291914273204697,-375.82051352159374,0.6707591414451599,0.18733283877372742,0.42208048701286316,1.2801724672317505,430.0773475612514
193,-0.8080761199881252,-376.62858964158187,0.34507817029953003,0.307964563369751,0.41900184750556946,1.0720445811748505,431.1493921424262
194,-3.865805149078369,-380.49439479066024,2.4062469005584717,1.3108779191970825,1.805453896522522,5.522578716278076,436.6719708587043
195,-3.8683276176452637,-384.3627224083055,2.404888391494751,1.3136134147644043,1.8076807260513306,5.526182532310486,442.1981533910148
196,-0.6902027726173401,-385.05292518092284,0.34860697388648987,0.20223666727542877,0.4351603388786316,0.9860039800405502,443.18415737105533
197,-0.7556232213973999,-385.80854840232024,0.3487769067287445,0.23087537288665771,0.49980950355529785,1.0794617831707,444.26361915422603
198,-1.3105578422546387,-387.1191062445749,1.1771295070648193,0.24088947474956512,0.4542064964771271,1.8722254782915115,446.13584463251755
199,-0.6385930776596069,-387.7576993222345,0.09793445467948914,0.3024880588054657,0.5118532776832581,0.9122757911682129,447.04812042368576
200,-1.3312301635742188,-389.0889294858087,1.3969422578811646,0.24484512209892273,0.25997012853622437,1.9017575085163116,448.94987793220207
201,-0.2192971651839984,-389.3082266509927,0.0,0.23515954613685608,0.05668264627456665,0.0,448.94987793220207
202,-0.08609321884812417,-389.39431986984084,0.0,0.10197068750858307,0.011364126577973366,0.0,448.94987793220207
203,-3.5228210006049743,-392.9171408704458,1.5109035968780518,1.2835761308670044,1.5262948274612427,4.320774555206299,453.27065248740837
204,-0.007205726419677266,-392.92434659686546,0.0,0.008087906055152416,0.0,0.0,453.27065248740837
205,-4.995195211842656,-397.9195418087081,0.0,0.025905432179570198,4.969289779663086,4.905768917873502,458.17642140528187
206,-1.3493021428585052,-399.2688439515666,0.487641304731369,0.0,0.8616608381271362,1.2482894361019135,459.4247108413838
207,-0.40926868468523026,-399.67811263625185,0.1957930475473404,0.05972663313150406,0.1537490040063858,0.40926868468523026,459.833979526069
208,-0.23267818614840508,-399.91079082240026,0.0,0.04585401341319084,0.18682417273521423,0.0,459.833979526069
209,-1.0909188836812973,-401.00170970608156,0.1961147040128708,0.1650208830833435,0.729783296585083,1.0909188836812973,460.9248984097503
210,-2.5165753066539764,-403.51828501273553,0.3991195857524872,0.29596030712127686,1.8214954137802124,2.5165753066539764,463.4414737164043
211,-5.094202041625977,-408.6124870543615,2.0060906410217285,0.9208078384399414,2.1673035621643066,5.094202041625977,468.53567575803027
212,-4.330961763858795,-412.9434488182203,1.63816237449646,0.9278134703636169,1.7649859189987183,4.330961763858795,472.86663752188906
213,-4.497928500175476,-417.4413773183958,1.6627345085144043,0.9507495164871216,1.8844444751739502,4.497928500175476,477.36456602206454
214,-2.384705036878586,-419.82608235527437,0.48252609372138977,0.9190770387649536,0.9831019043922424,2.384705036878586,479.7492710589431
215,-1.0096492022275925,-420.83573155750196,0.3938917815685272,0.18901224434375763,0.4267451763153076,1.0096492022275925,480.7589202611707
216,-0.8587061539554033,-421.69443771145734,0.3568393290042877,0.18733283877372742,0.42208048701286316,0.9662526547908783,481.7251729159616
217,-0.7904784221683089,-422.48491613362563,0.34507817029953003,0.18591776490211487,0.41900184750556946,0.9499977827072144,482.6751706986688
218,-0.8192994594573975,-423.30421559308303,0.5692089200019836,0.18461598455905914,0.4166029393672943,1.170427843928337,483.84559854259714
219,-0.6693819761276245,-423.97359756921065,0.35007867217063904,0.1873515099287033,0.4188297688961029,0.9562599509954453,484.8018584935926
220,-0.7003522207652543,-424.6739497899759,0.34860697388648987,0.20223666727542877,0.4351603388786316,0.9860039800405502,485.78786247363314
221,-1.7234584093093872,-426.3974081992853,1.7313987016677856,0.23087537288665771,0.49980950355529785,2.462083578109741,488.2499460517429
222,-0.692070722579956,-427.08947892186524,0.30128347873687744,0.2383204847574234,0.44906851649284363,0.9886724799871445,489.23861853173
223,-0.4124181270599365,-427.5018970489252,0.057517584413290024,0.20612981915473938,0.3255213499069214,0.5891687534749508,489.827787285205
224,-0.15054144358627955,-427.65243849251146,0.0,0.1452266275882721,0.06963396817445755,0.0,489.827787285205
225,-0.17931707552382165,-427.8317555680353,0.0,0.2449120432138443,0.0,0.0,489.827787285205
226,-0.07671346724101238,-427.9084690352763,0.0,0.10591587424278259,0.0,0.0,489.827787285205
227,-2.3180644193928623,-430.22653345466915,0.8752413392066956,1.0982292890548706,0.8012446761131287,2.774715304374695,492.6025025895797
228,-3.075467289172343,-433.3020007438415,1.061169147491455,1.164211392402649,1.1088818311691284,3.3342623710632324,495.9367649606429
229,-9.656186819076538,-442.95818756291806,0.0,8.180971145629883,1.4752156734466553,8.652201771736145,504.58896673237905
230,0.0,-442.95818756291806,0.0,0.0,0.0,0.0,504.58896673237905
231,0.0,-442.95818756291806,0.0,0.0,0.0,0.0,504.58896673237905
232,-5.730368614196777,-448.68855617711483,4.113112926483154,0.0,1.617255687713623,5.721469624899328,510.3104363572784
233,-0.6418020874261856,-449.330358264541,0.07977397739887238,0.14066290855407715,0.4213652014732361,0.6418020874261856,510.95223844470456
234,-2.4462440609931946,-451.7766023255342,1.3207228183746338,0.5330559015274048,0.592465341091156,2.4462440609931946,513.3984825056978
235,-2.543076902627945,-454.31967922816216,0.8556849360466003,0.3578053414821625,1.3295866250991821,2.543076902627945,515.9415594083257
236,-1.9830612540245056,-456.30274048218666,1.1676297187805176,0.36468249559402466,0.4507490396499634,1.9830612540245056,517.9246206623502
237,-4.3975303173065186,-460.7002707994932,1.6349718570709229,0.7593696117401123,2.0031888484954834,4.3975303173065186,522.3221509796567
238,-1.6575519442558289,-462.357822743749,1.028313398361206,0.19325745105743408,0.4359810948371887,1.6575519442558289,523.9797029239126
239,-0.9718362241983414,-463.32965896794735,0.3560788035392761,0.18901224434375763,0.4267451763153076,0.9718362241983414,524.9515391481109
240,-0.8633918850514295,-464.1930508529988,0.35421058535575867,0.18733283877372742,0.42208048701286316,0.9636239111423492,525.9151630592532
241,-0.7902182414362121,-464.983269094435,0.3527388870716095,0.18591776490211487,0.41900184750556946,0.9576584994792938,526.8728215587325
242,-0.7778873622855317,-465.7611564567205,0.3514370918273926,0.18461598455905914,0.4166029393672943,0.952656015753746,527.8254775744863
243,-0.7124529507523192,-466.47360940747285,0.35007867217063904,0.1873515099287033,0.4188297688961029,0.9562599509954453,528.7817375254817
244,-3.8801393508911133,-470.35374875836396,2.3905460834503174,1.3284986019134521,1.8240113258361816,5.543056011199951,534.3247935366817
245,-0.7928138060740253,-471.146562564438,0.3468944728374481,0.23087537288665771,0.5277521014213562,1.105521947145462,535.4303154838271
246,-3.112635612487793,-474.2591981769258,0.3362347483634949,0.24239176511764526,3.8679957389831543,4.446622252464294,539.8769377362914
247,-1.3361261554991246,-475.5953243324249,1.1351090669631958,0.21149376034736633,0.5300699472427368,1.876672774553299,541.7536105108447
248,-1.5820538997650146,-477.17737823218994,0.7994797825813293,1.0725849866867065,0.38801226019859314,2.260077029466629,544.0136875403114
249,-2.9010577669559545,-480.0784359991459,1.893115758895874,1.4125255346298218,0.7069616317749023,4.012602925300598,548.026290465612
250,-1.1128546606612029,-481.19129065980707,1.50255286693573,0.0,0.0,1.3457825863733888,549.3720730519854
251,-0.9343715184502908,-482.12566217825736,1.2085058689117432,0.0,0.0,0.6549894213676453,550.027062473353
252,-5.602678643192564,-487.72834082144993,0.9545245170593262,3.684722661972046,1.7379863262176514,6.377233505249023,556.404295978602
253,0.0,-487.72834082144993,0.0,0.0,0.0,0.0,556.404295978602
254,-5.203329086303711,-492.93166990775364,5.203329086303711,0.0,0.0,2.8274978399276733,559.2317938185297
255,0.0,-492.93166990775364,0.0,0.0,0.0,0.0,559.2317938185297
256,-0.19316093623638153,-493.12483084399,0.19316093623638153,0.0,0.0,0.0,559.2317938185297
257,-0.7812150353565812,-493.9060458793466,0.5760786533355713,0.006998308934271336,0.1981380730867386,0.7812150353565812,560.0130088538863
258,-2.356943428516388,-496.262989307863,0.836626410484314,0.7133218050003052,0.8069952130317688,2.356943428516388,562.3699522824027
259,-2.281179130077362,-498.54416843794036,0.5181800127029419,0.7821348309516907,0.9808642864227295,2.281179130077362,564.65113141248
260,-1.9641591906547546,-500.5083276285951,0.4469718635082245,0.20169100165367126,1.3154963254928589,1.9641591906547546,566.6152906031348
261,-8.613769918680191,-509.1220975472753,0.3636639416217804,0.19623863697052002,8.05386734008789,8.613769918680191,575.229060521815
262,-3.548254370689392,-512.6703519179647,1.3878989219665527,0.7563884258270264,1.403967022895813,3.548254370689392,578.7773148925044
263,-1.9203650504350662,-514.5907169683998,0.8147399425506592,0.18901224434375763,0.9166128635406494,1.9203650504350662,580.6976799429394
264,-0.8535421927525739,-515.4442591611523,0.35421058535575867,0.18733283877372742,0.42208048701286316,0.9636239111423492,581.6613038540818
265,-0.7164285359391573,-516.1606876970915,0.3527388870716095,0.18591776490211487,0.41900184750556946,0.9576584994792938,582.6189623535611
266,-0.6818519732280213,-516.8425396703195,0.3514370918273926,0.18461598455905914,0.4166029393672943,0.952656015753746,583.5716183693148
267,-3.8683276176452637,-520.7108672879648,2.404888391494751,1.3136134147644043,1.8076807260513306,5.526182532310486,589.0978009016253
268,-0.6902027726173401,-521.4010700605821,0.34860697388648987,0.20223666727542877,0.4351603388786316,0.9860039800405502,590.0838048816659
269,-0.7775766870196228,-522.1786467476018,0.3468944728374481,0.23087537288665771,0.5277521014213562,1.105521947145462,591.1893268288113
270,-0.7229466438293457,-522.9015933914311,0.3350120782852173,0.24178043007850647,0.45598840713500977,1.0327809154987335,592.22210774431
271,-0.4546201229095459,-523.3562135143407,0.11037639528512955,0.20860640704631805,0.33047452569007874,0.6494573280215263,592.8715650723316
272,-0.3193378199027981,-523.6755513342434,0.0,0.29079610109329224,0.15654651820659637,0.14290539920330048,593.0144704715349
273,-3.463853359222412,-527.1394046934658,1.5677701234817505,1.8816500902175903,1.4989418983459473,4.948362112045288,597.9628325835802
274,-1.5714735130468007,-528.7108782065127,2.0722391605377197,0.0,0.0,1.68462622910738,599.6474588126875
275,-1.499549914381314,-530.210428120894,2.062864303588867,0.0,0.0,1.6064487770199776,601.2539075897075
276,-4.713952649396085,-534.9243807702901,0.9165368676185608,3.900475263595581,0.8385323882102966,5.6555445194244385,606.909452109132
277,0.0,-534.9243807702901,0.0,0.0,0.0,0.0,606.909452109132
278,0.0,-534.9243807702901,0.0,0.0,0.0,0.0,606.909452109132
279,-1.1855446100234985,-536.1099253803136,1.1855446100234985,0.0,0.0,0.5438220649957657,607.4532741741277
280,-5.212719917297363,-541.322645297611,5.212719917297363,0.0,0.0,4.859173074364662,612.3124472484924
281,-1.8281112611293793,-543.1507565587403,0.9082015156745911,0.266985148191452,0.6529245972633362,1.8281112611293793,614.1405585096218
282,-2.4960782527923584,-545.6468348115327,1.3047536611557007,0.2705344557762146,0.9207901358604431,2.4960782527923584,616.6366367624141
283,-5.41783794760704,-551.0646727591397,1.331661581993103,0.3581332862377167,3.7280430793762207,5.41783794760704,622.0544747100212
284,-7.025138318538666,-558.0898110776784,2.1731889247894287,0.9278134703636169,3.92413592338562,7.025138318538666,629.0796130285598
285,-5.30323201417923,-563.3930430918576,0.6824634075164795,0.507914125919342,4.112854480743408,5.30323201417923,634.3828450427391
286,-9.114017724990845,-572.5070608168485,0.588736891746521,0.3296126127243042,8.19566822052002,9.114017724990845,643.4968627677299
287,-1.7031110674142838,-574.2101718842628,0.3560788035392761,0.18901224434375763,1.15802001953125,1.7031110674142838,645.1999738351442
288,-1.06631960198643,-575.2764914862491,0.35421058535575867,0.18733283877372742,0.6647070646286011,1.2062504887580872,646.4062243239023
289,-0.7861556142430275,-576.0626471004922,0.3527388870716095,0.18591776490211487,0.41900184750556946,0.9576584994792938,647.3638828233816
290,-4.200842579990943,-580.2634896804832,2.4062469005584717,1.550336241722107,1.805453896522522,5.762037038803101,653.1259198621847
291,-0.6693819761276245,-580.9328716566108,0.35007867217063904,0.1873515099287033,0.4188297688961029,0.9562599509954453,654.0821798131801
292,-0.6902027726173401,-581.6230744292282,0.34860697388648987,0.20223666727542877,0.4351603388786316,0.9860039800405502,655.0681837932207
293,-0.7701834435306607,-582.3932578727588,0.3487769067287445,0.23087537288665771,0.49980950355529785,1.0794617831707,656.1476455763914
294,-1.3738471269607544,-583.7671049997195,0.3086540102958679,0.24200575053691864,1.4119789600372314,1.962638720870018,658.1102842972614
295,-0.975687867951492,-584.742792867671,0.052045077085494995,0.30349618196487427,1.0144742727279663,1.3700155317783356,659.4802998290397
296,-0.1977054499969405,-584.940498317668,0.0,0.1651078164577484,0.10939634591341019,0.0,659.4802998290397
297,-1.0762887215812924,-586.0167870392493,1.3678830862045288,0.15505149960517883,0.0,1.4285308942198753,660.9088307232596
298,-0.8995728492736816,-586.916359888523,1.1069529056549072,0.018942054361104965,0.1592092216014862,1.2851041816174984,662.1939349048771
299,-1.0049665061052144,-587.9213263946282,1.077991008758545,0.2190306931734085,0.0,0.9121650904417038,663.1060999953188
300,-5.417053013527616,-593.3383794081558,0.9749764800071716,3.6890735626220703,1.754978060722351,6.419028103351593,669.5251280986704
301,0.0,-593.3383794081558,0.0,0.0,0.0,0.0,669.5251280986704
302,-2.8797205686569214,-596.2180999768127,0.0,1.4556756019592285,1.4240449666976929,1.8474985361099243,671.3726266347803
303,-0.21156826615333557,-596.429668242966,0.21156826615333557,0.0,0.0,0.0,671.3726266347803
304,-0.5642350912094116,-596.9939033341755,0.5642350912094116,0.0,0.0,0.38483034260571003,671.757456977386
305,-0.1373501718044281,-597.1312535059799,0.0,0.0,0.1373501718044281,0.07766605913639069,671.8351230365224
306,-0.9999264478683472,-598.1311799538482,0.43507087230682373,0.0,0.5648555755615234,0.0,671.8351230365224
307,-5.711860418319702,-603.8430403721679,2.64092755317688,0.9222455024719238,2.1486873626708984,5.711860418319702,677.5469834548421
308,-4.937388896942139,-608.7804292691101,2.2512893676757812,1.2310192584991455,1.455080270767212,4.937388896942139,682.4843723517843
309,-2.275548994541168,-611.0559782636512,0.45421919226646423,0.3876185119152069,1.433711290359497,2.275548994541168,684.7599213463254
310,-3.418402463197708,-614.474380726849,0.4215100109577179,1.2874383926391602,1.70945405960083,3.418402463197708,688.1783238095231
311,-1.9303272515535355,-616.4047079784025,0.8293225765228271,0.18901224434375763,0.9119924306869507,1.9303272515535355,690.1086510610767
312,-0.7709613206285255,-617.175669299031,0.35421058535575867,0.16287174820899963,0.42208048701286316,0.9391628205776215,691.0478138816543
313,-0.8285649093292518,-618.0042342083602,0.3527388870716095,0.3050944209098816,0.41900184750556946,1.0768351554870605,692.1246490371414
314,-0.666721761226654,-618.6709559695869,0.3514370918273926,0.18441961705684662,0.4166029393672943,0.9524596482515335,693.0771086853929
315,-0.6693819761276245,-619.3403379457145,0.35007867217063904,0.1873515099287033,0.4188297688961029,0.9562599509954453,694.0333686363883
316,-0.6902027726173401,-620.0305407183318,0.34860697388648987,0.20223666727542877,0.4351603388786316,0.9860039800405502,695.0193726164289
317,-0.7543056011199951,-620.7848463194518,0.3468944728374481,0.23087537288665771,0.49980950355529785,1.0775793492794037,696.0969519657083
318,-1.0797960571164242,-621.8646423765682,0.773635745048523,0.30857521295547485,0.4602200984954834,1.5424310564994812,697.6393830222078
319,-2.3931009769439697,-624.2577433535122,2.5825929641723633,0.3204438388347626,0.515678882598877,3.418715685606003,701.0580987078138
320,-10.937719345092773,-635.195462698605,5.962713718414307,5.9532389640808105,3.709359645843506,15.625312328338623,716.6834110361524
321,-1.0319883897900581,-636.227451088395,1.3354394435882568,0.13882970809936523,0.0,1.3474218845367432,718.0308329206891
322,-0.9816170185804367,-637.2090681069755,1.052876353263855,0.34943366050720215,0.0,1.0221862196922302,719.0530191403814
323,-0.08379407091151192,-637.292862177887,0.11067526787519455,0.0,0.0,0.0,719.0530191403814
324,-3.6535258850422334,-640.9463880629291,1.2137436866760254,1.6755114793777466,1.4759042263031006,4.365159392356873,723.4181785327382
325,-1.071484088897705,-642.0178721518269,1.071484088897705,0.0,0.0,0.0,723.4181785327382
326,0.0,-642.0178721518269,0.0,0.0,0.0,0.0,723.4181785327382
327,0.0,-642.0178721518269,0.0,0.0,0.0,0.0,723.4181785327382
328,0.0,-642.0178721518269,0.0,0.0,0.0,0.0,723.4181785327382
329,-0.8209222555160522,-642.8387944073429,0.0,0.6834409832954407,0.13748127222061157,0.7165582776069641,724.1347368103452
330,-1.4851086139678955,-644.3239030213108,0.0,0.7057909965515137,0.7793176174163818,0.977181613445282,725.1119184237905
331,-5.6773422956466675,-650.0012453169575,1.7706878185272217,1.0980852842330933,2.8085691928863525,5.6773422956466675,730.7892607194372
332,-5.647734344005585,-655.648979660963,1.63816237449646,0.9278134703636169,3.081758499145508,5.647734344005585,736.4369950634427
333,-1.7489247620105743,-657.3979044229736,0.5447744131088257,0.3876185119152069,0.8165318369865417,1.7489247620105743,738.1859198254533
334,-1.8352100253105164,-659.2331144482841,0.5866143703460693,0.3296126127243042,0.9189830422401428,1.8352100253105164,740.0211298507638
335,-1.6963133960962296,-660.9294278443804,0.3560788035392761,0.18901224434375763,1.1512223482131958,1.6963133960962296,741.7174432468601
336,-0.5100948196569322,-661.4395226640373,0.0,0.18733283877372742,0.42208048701286316,0.0,741.7174432468601
337,-0.6703609228134155,-662.1098835868507,0.3527388870716095,0.18591776490211487,0.41900184750556946,0.9576584994792938,742.6751017463394
338,-0.6447408363802065,-662.7546244232309,0.31206801533699036,0.18461598455905914,0.4166029393672943,0.9132869392633438,743.5883886856027
339,-0.6690212488174438,-663.4236456720483,0.3495634198188782,0.1873515099287033,0.4188297688961029,0.9557446986436844,744.5441333842464
340,-1.5005272986060618,-664.9241729706544,1.412024736404419,0.20223666727542877,0.4351603388786316,2.0494217425584793,746.5935551268049
341,-0.7529878616333008,-665.6771608322877,0.3450120687484741,0.23087537288665771,0.49980950355529785,1.0756969451904297,747.6692520719953
342,-0.8674157751421773,-666.5445766074298,0.3177548944950104,0.31123512983322144,0.5997075438499451,1.2286975681781769,748.8979496401735
343,-1.584261417388916,-668.1288380248187,0.10976297408342361,0.30840232968330383,1.8450653553009033,2.2632306590676308,751.1611802992411
344,-4.963901582749296,-673.092739607568,0.6695652604103088,5.495115280151367,0.8318696022033691,6.996550142765045,758.1577304420061
345,-4.4236955642700195,-677.516435171838,1.3863296508789062,3.170179605484009,1.7630555629730225,6.3195648193359375,764.4772952613421
346,-2.9103793400197127,-680.4268145118577,1.1890203952789307,1.630900502204895,1.325516700744629,4.145437598228455,768.6227328595705
347,-2.3787222724174795,-682.8055367842752,0.9736970067024231,1.0554454326629639,1.075264811515808,3.104407250881195,771.7271401104517
348,-5.514595121383696,-688.3201319056589,0.9791936278343201,3.668050765991211,1.7113765478134155,6.3586209416389465,778.0857610520907
349,0.0,-688.3201319056589,0.0,0.0,0.0,0.0,778.0857610520907
350,0.0,-688.3201319056589,0.0,0.0,0.0,0.0,778.0857610520907
351,0.0,-688.3201319056589,0.0,0.0,0.0,0.0,778.0857610520907
352,0.0,-688.3201319056589,0.0,0.0,0.0,0.0,778.0857610520907
353,-1.5466440320014954,-689.8667759376603,1.1732442378997803,0.0,0.3733997941017151,1.5400949348695576,779.6258559869602
354,-2.276270091533661,-692.143046029194,0.5882323384284973,0.7058841586112976,0.982153594493866,2.276270091533661,781.9021260784939
355,-2.352265417575836,-694.4953114467698,0.5922967791557312,0.7811243534088135,0.9788442850112915,2.352265417575836,784.2543914960697
356,-2.2864019870758057,-696.7817134338457,0.6107575297355652,0.36468249559402466,1.3109619617462158,2.2864019870758057,786.5407934831455
357,-5.824205279350281,-702.6059187131959,3.3624985218048096,0.9507495164871216,1.5109572410583496,5.824205279350281,792.3649987624958
358,-1.3243089616298676,-703.9302276748258,0.4215100109577179,0.19325745105743408,0.7095414996147156,1.3243089616298676,793.6893077241257
359,-3.0386351495981216,-706.9688628244239,0.3560788035392761,0.18901224434375763,2.493544101715088,3.0386351495981216,796.7279428737238
360,-0.7963811727453778,-707.7652439971693,0.35421058535575867,0.18733283877372742,0.42208048701286316,0.9636239111423492,797.6915667848662
361,-0.8005442220338781,-708.5657882192031,0.3527388870716095,0.3040156662464142,0.41900184750556946,1.0757564008235931,798.7673231856897
362,-0.7474436803483486,-709.3132318995515,0.3514370918273926,0.18461598455905914,0.4166029393672943,0.952656015753746,799.7199792014435
363,-0.7029630582095784,-710.0161949577611,0.35007867217063904,0.1873515099287033,0.4188297688961029,0.9562599509954453,800.6762391524389
364,-0.6898748846810359,-710.706069842442,0.3357362449169159,0.18670983612537384,0.4351603388786316,0.9576064199209213,801.6338455723599
365,-0.7598124742507935,-711.4658823166928,0.3468944728374481,0.238742396235466,0.49980950355529785,1.085446372628212,802.7192919449881
366,-0.7835944294929504,-712.2494767461858,0.34379640221595764,0.310851514339447,0.4647727310657501,1.1194206476211548,803.8387125926092
367,-1.8271992766204013,-714.0766760228062,1.8698327541351318,0.3233182430267334,0.35969290137290955,2.552843898534775,806.391556491144
368,-0.5483971931243786,-714.6250732159306,0.0,0.3272620737552643,0.4248040020465851,0.6181982755661011,807.0097547667101
369,-0.7132196729922451,-715.3382928889229,0.14676064252853394,0.42874759435653687,0.394387811422348,0.9698960483074188,807.9796508150175
370,-0.2207673464147345,-715.5590602353376,0.0,0.16584628820419312,0.1391153484582901,0.0,807.9796508150175
371,-0.06816734842390036,-715.6272275837615,0.0,0.08802532404661179,0.0,0.0,807.9796508150175
372,-2.451570849229654,-718.0787984329911,2.5415303707122803,0.09124017506837845,0.19000130891799927,2.822771854698658,810.8024226697162
373,0.0,-718.0787984329911,0.0,0.0,0.0,0.0,810.8024226697162
374,-0.03735210373997688,-718.1161505367311,0.0,0.03735210373997688,0.0,0.0,810.8024226697162
375,0.0,-718.1161505367311,0.0,0.0,0.0,0.0,810.8024226697162
376,-3.09195077419281,-721.2081013109239,2.581608533859253,0.0,0.5103422403335571,3.0602515302598476,813.862674199976
377,-1.8069050908088684,-723.0150064017328,1.5050020217895508,0.11727970838546753,0.1846233606338501,1.8069050908088684,815.6695792907849
378,-1.8933234810829163,-724.9083298828157,0.8175526261329651,0.2798459529876709,0.7959249019622803,1.8933234810829163,817.5629027718678
379,-2.8119110763072968,-727.720240959123,0.9985082149505615,0.3572947680950165,1.4561080932617188,2.8119110763072968,820.3748138481751
380,-3.6761474013328552,-731.3963883604558,1.52295982837677,0.36468249559402466,1.7885050773620605,3.6761474013328552,824.050961249508
381,-2.851570427417755,-734.2479587878736,0.9929230809211731,0.6686283349990845,1.1900190114974976,2.851570427417755,826.9025316769257
382,-1.3853250443935394,-735.6332838322671,0.48252609372138977,0.19325745105743408,0.7095414996147156,1.3853250443935394,828.2878567213193
383,-0.9718362241983414,-736.6051200564655,0.3560788035392761,0.18901224434375763,0.4267451763153076,0.9718362241983414,829.2596929455176
384,-0.8392853750757374,-737.4444054315412,0.35421058535575867,0.18733283877372742,0.42208048701286316,0.9636239111423492,830.22331685666
385,-0.8021784223037782,-738.246583853845,0.3527388870716095,0.18591776490211487,0.41900184750556946,0.9576584994792938,831.1809753561392
386,-0.7954210841278796,-739.0420049379728,0.3514370918273926,0.18461598455905914,0.4166029393672943,0.952656015753746,832.133631371893
387,-0.7802336201306184,-739.8222385581034,0.35007867217063904,0.1873515099287033,0.4188297688961029,0.9562599509954453,833.0898913228884
388,-0.9172310385313912,-740.7394695966349,0.34860697388648987,0.36318257451057434,0.4351603388786316,1.1469498872756958,834.2368412101641
389,-0.8305016817680697,-741.5699712784029,0.3487769067287445,0.238742396235466,0.5277521014213562,1.1152714043855667,835.3521126145497
390,-1.3639612439437134,-742.9339325223466,0.30403462052345276,0.8028270602226257,0.7201549410820007,1.8270166218280792,837.1791292363778
391,-1.6486068267450618,-744.5825393490917,0.12697218358516693,0.5816044211387634,1.3789477348327637,2.087524339556694,839.2666535759345
392,-1.1424804331729956,-745.7250197822647,0.25774627923965454,0.35324275493621826,0.8912932872772217,1.5022823214530945,840.7689358973876
393,-4.634452059437773,-750.3594718417024,1.777637243270874,1.5610547065734863,2.250727653503418,5.589419603347778,846.3583555007353
394,-4.864815260309014,-755.2242871020114,1.5189995765686035,1.4011693000793457,2.67395281791687,5.594121694564819,851.9524771953002
395,-0.6634838196144466,-755.8877709216259,0.0,0.2166476845741272,0.5174827575683594,0.3776854872703552,852.3301626825705
396,-6.8902937792362176,-762.7780647008622,5.3932013511657715,0.17484444379806519,1.5988550186157227,7.166900813579559,859.4970634961501
397,-0.33869776051125644,-763.1167624613735,0.0,0.1906745284795761,0.15103794634342194,0.2768224999308586,859.7738859960809
398,-0.0801943987607956,-763.1969568601343,0.0,0.0801943987607956,0.0,0.0,859.7738859960809
399,-0.7797586619853973,-763.9767155221197,0.6481359601020813,0.13162270188331604,0.0,0.646045058965683,860.4199310550466
400,-1.2503452748060226,-765.2270607969257,0.9426003694534302,0.13181371986865997,0.1759311854839325,1.2503452748060226,861.6702763298526
401,-1.2841464281082153,-766.5112072250339,0.20092672109603882,0.5062978267669678,0.5769218802452087,1.2841464281082153,862.9544227579609
402,-1.7851948142051697,-768.2964020392391,0.5019849538803101,0.4273751974105835,0.8558346629142761,1.7851948142051697,864.739617572166
403,-2.3351530134677887,-770.6315550527069,0.8840000033378601,0.47447291016578674,0.9766800999641418,2.3351530134677887,867.0747705856338
404,-2.1756262481212616,-772.8071813008281,0.9750229120254517,0.20169100165367126,0.9989123344421387,2.1756262481212616,869.2503968337551
405,-2.383668303489685,-775.1908496043178,0.5447744131088257,0.784104585647583,1.0547893047332764,2.383668303489685,871.6340651372448
406,-1.8265050947666168,-777.0173546990844,0.48252609372138977,0.19325745105743408,1.150721549987793,1.8265050947666168,873.4605702320114
407,-0.9907427281141281,-778.0080974271985,0.37498530745506287,0.18901224434375763,0.4267451763153076,0.9907427281141281,874.4513129601255
408,-1.2888649124176206,-779.2969623396161,0.3568393290042877,0.18733283877372742,0.8965155482292175,1.4406877160072327,875.8920006761327
409,-0.7617183359053115,-780.0586806755215,0.34507817029953003,0.18591776490211487,0.41900184750556946,0.9499977827072144,876.84199845884
410,-0.7453934430584521,-780.8040741185799,0.33876895904541016,0.18461598455905914,0.4166029393672943,0.9399878829717636,877.7819863418117
411,-0.761720231736133,-781.5657943503161,0.35007867217063904,0.1873515099287033,0.4188297688961029,0.9562599509954453,878.7382462928072
412,-0.7982678672450618,-782.3640622175611,0.34860697388648987,0.20223666727542877,0.4351603388786316,0.9860039800405502,879.7242502728477
413,-2.9331154587357435,-785.2971776762969,3.0323939323425293,0.23087537288665771,0.49980950355529785,3.763078808784485,883.4873290816322
414,-2.3977925801164925,-787.6949702564134,0.967478334903717,1.4486463069915771,0.7271917462348938,3.143316388130188,886.6306454697624
415,-0.8320936124332506,-788.5270638688467,0.14348652958869934,0.3252641260623932,0.7068252563476562,1.1755759119987488,887.8062213817611
416,-0.504032067802862,-789.0310959366495,0.0,0.36970365047454834,0.3143616318702698,0.586261935532093,888.3924833172932
417,-3.6375599788404536,-792.66865591549,1.7435253858566284,2.6467385292053223,0.2812385559082031,4.671502470970154,893.0639857882634
418,-6.216931499124774,-798.8855874146149,3.1319661140441895,2.080000400543213,2.49206805229187,7.7040345668792725,900.7680203551427
419,-0.737698570616591,-799.6232859852314,0.0,0.2256956547498703,0.6422167420387268,0.19580070674419403,900.9638210618868
420,-0.7608356103473998,-800.3841215955788,0.0,0.8061240315437317,0.0,0.12311325967311859,901.08693432156
421,-3.505444476903685,-803.8895660724825,3.225623846054077,0.017452159896492958,0.30191484093666077,3.544990846887231,904.6319251684472
422,-0.6538137346506119,-804.5433798071331,0.2751482427120209,0.018596366047859192,0.3600691258907318,0.6538137346506119,905.2857389030978
423,-0.08419080823659897,-804.6275706153697,0.0,0.08419080823659897,0.0,0.0,905.2857389030978
424,-0.19494475424289703,-804.8225153696126,0.0,0.19494475424289703,0.0,0.0,905.2857389030978
425,-0.85201296210289,-805.6745283317155,0.4581303596496582,0.06991371512413025,0.32396888732910156,0.85201296210289,906.1377518652007
426,-1.811432808637619,-807.4859611403531,0.3383907973766327,0.8544979095458984,0.6185441017150879,1.811432808637619,907.9491846738383
427,-3.493186742067337,-810.9791478824204,2.412489175796509,0.3575150668621063,0.7231824994087219,3.493186742067337,911.4423714159057
428,-2.1630616188049316,-813.1422095012254,0.6107575297355652,0.48174363374710083,1.0705604553222656,2.1630616188049316,913.6054330347106
429,-4.356557279825211,-817.4987667810506,3.152406930923462,0.3876185119152069,0.8165318369865417,4.356557279825211,917.9619903145358
430,-1.172780692577362,-818.6715474736279,0.5435421466827393,0.19325745105743408,0.4359810948371887,1.172780692577362,919.1347710071132
431,-1.227957770228386,-819.8995052438563,0.37498530745506287,0.18901224434375763,0.6639602184295654,1.227957770228386,920.3627287773415
432,-0.9399869152867075,-820.839492159143,0.35421058535575867,0.18733283877372742,0.42208048701286316,0.9636239111423492,921.3263526884839
433,-0.9127288756086988,-821.7522210347516,0.3527388870716095,0.18591776490211487,0.41900184750556946,0.9576584994792938,922.2840111879632
434,-0.9063503871123496,-822.6585714218639,0.3514370918273926,0.18461598455905914,0.4166029393672943,0.952656015753746,923.2366672037169
435,-1.6722473678700855,-824.330818789734,1.2342115640640259,0.1873515099287033,0.4188297688961029,1.840392842888832,925.0770600466058
436,-0.8643459699492557,-825.1951647596833,0.34860697388648987,0.20223666727542877,0.4351603388786316,0.9860039800405502,926.0630640266463
437,-0.9178688724828138,-826.1130336321661,0.3487769067287445,0.23087537288665771,0.49980950355529785,1.0794617831707,927.142525809817
438,-2.1045306743740264,-828.2175643065401,0.3447021245956421,0.26002979278564453,1.789135217666626,2.3938671350479126,929.5363929448649
439,-6.566204497429279,-834.7837688039693,0.216424360871315,6.503270149230957,0.48442813754081726,7.204122647643089,936.740515592508
440,-2.380466101168704,-837.1642349051381,0.3642098307609558,1.3781979084014893,0.7993655204772949,2.54177325963974,939.2822888521478
441,-4.709567339033688,-841.8738022441718,0.9722576141357422,1.4065701961517334,2.629099130630493,5.007926940917969,944.2902157930657
442,-11.154666145201308,-853.0284683893731,3.9392428398132324,4.718163967132568,3.3469595909118652,12.004366397857666,956.2945821909234
443,-7.836988076989589,-860.8654564663626,3.789047956466675,1.5895506143569946,2.839761972427368,8.218360543251038,964.5129427341744
444,-1.223657930110379,-862.089114396473,0.31805720925331116,0.0,0.9413696527481079,0.9339187443256378,965.4468614785001
445,0.0,-862.089114396473,0.0,0.0,0.0,0.0,965.4468614785001
446,-6.608740210533142,-868.6978546070061,0.5093734264373779,5.6297783851623535,0.46958839893341064,6.608740210533142,972.0556016890332
447,-0.8805026561021805,-869.5783572631083,0.1317143589258194,0.3180221915245056,0.43076610565185547,0.8805026561021805,972.9361043451354
448,-0.7068621069192886,-870.2852193700276,0.18129943311214447,0.27478674054145813,0.25077593326568604,0.7068621069192886,973.6429664520547
449,-1.0016340762376785,-871.2868534462652,0.41424134373664856,0.20186926424503326,0.3855234682559967,1.0016340762376785,974.6446005282924
450,-2.4774504899978638,-873.7643039362631,0.7868546843528748,0.775907576084137,0.914688229560852,2.4774504899978638,977.1220510182902
451,-3.2012946009635925,-876.9655985372267,1.6971893310546875,0.7807565331459045,0.7233487367630005,3.2012946009635925,980.3233456192538
452,-2.7561009526252747,-879.721699489852,1.0530593395233154,0.36468249559402466,1.3383591175079346,2.7561009526252747,983.0794465718791
453,-2.3875701129436493,-882.1092696027956,0.856479287147522,0.3876185119152069,1.1434723138809204,2.3875701129436493,985.4670166848227
454,-1.508088231086731,-883.6173578338824,0.6426564455032349,0.19325745105743408,0.672174334526062,1.508088231086731,986.9751049159095
455,-1.429183080792427,-885.0465409146748,0.577232837677002,0.18901224434375763,0.6629379987716675,1.429183080792427,988.4042879967019
456,-1.699231658533871,-886.7457725732087,0.35421058535575867,0.30339986085891724,1.1276911497116089,1.7853015959262848,990.1895895926282
457,-2.13059361222538,-888.8763661854341,1.4537259340286255,0.18591776490211487,0.6541962623596191,2.2938399612903595,992.4834295539185
458,-0.8754050856880201,-889.7517712711222,0.3514370918273926,0.18461598455905914,0.4166029393672943,0.952656015753746,993.4360855696723
459,-0.84552522814401,-890.5972964992661,0.35007867217063904,0.1873515099287033,0.4188297688961029,0.9562599509954453,994.3923455206677
460,-1.4818666097368332,-892.0791631090029,1.1220662593841553,0.20223666727542877,0.4176623523235321,1.7419652789831161,996.1343107996508
461,-2.6736075885179593,-894.7527706975209,1.5058200359344482,0.23087537288665771,1.3959107398986816,3.1326061487197876,999.2669169483706
462,-1.0264173686097569,-895.7791880661306,0.4037284255027771,0.24932989478111267,0.6052549481391907,1.2583132684230804,1000.5252302167937
463,-4.339600829121621,-900.1187888952522,2.6123592853546143,0.833526074886322,1.8429028987884521,5.288788259029388,1005.8140184758231
464,-1.4585166740615356,-901.5773055693138,0.8859472870826721,0.3925790786743164,0.5643388628959656,1.842865228652954,1007.6568837044761
465,-2.61808858549753,-904.1953941548113,0.0,0.459551066160202,2.597871780395508,2.979495272040367,1010.6363789765164
466,-8.727820986730796,-912.9232151415421,3.772153377532959,2.5766613483428955,3.2251663208007812,9.573981046676636,1020.2103600231931
467,-10.395134226021788,-923.3183493675639,4.345682144165039,4.199367046356201,2.861546039581299,11.406595230102539,1031.6169552532956
468,-2.6195937409724714,-925.9379431085364,0.0,2.406358003616333,0.33996570110321045,2.2922127544879913,1033.9091680077836
469,-0.6497610277970315,-926.5877041363334,0.0,0.656330406665802,0.0,0.0,1033.9091680077836
470,-0.6112185120582581,-927.1989226483917,0.0,0.6112185120582581,0.0,0.0,1033.9091680077836
471,-0.21591363847255707,-927.4148362868642,0.0,0.21591363847255707,0.0,0.0,1033.9091680077836
472,-1.7700338661670685,-929.1848701530313,0.9905862808227539,0.4438036382198334,0.3356439471244812,1.7700338661670685,1035.6792018739507
473,-2.803164765238762,-931.98803491827,1.3733482360839844,0.1300397366285324,1.2997767925262451,2.803164765238762,1038.4823666391894
474,-1.7873375117778778,-933.7753724300479,0.434172123670578,0.4899592995643616,0.8632060885429382,1.7873375117778778,1040.2697041509673
475,-4.437604188919067,-938.212976618967,1.8412420749664307,0.9217718839645386,1.6745902299880981,4.437604188919067,1044.7073083398864
476,-5.290944814682007,-943.503921433649,1.776490569114685,1.043880581855774,2.470573663711548,5.290944814682007,1049.9982531545684
477,-4.870714753866196,-948.3746361875152,1.5551320314407349,0.3876185119152069,2.927964210510254,4.870714753866196,1054.8689679084346
478,-3.197922468185425,-951.5725586557006,0.8619459867477417,0.3296126127243042,2.006363868713379,3.197922468185425,1058.06689037662
479,-3.129930630326271,-954.7024892860269,2.2038090229034424,0.23568828403949738,0.6904333233833313,3.129930630326271,1061.1968210069463
480,-1.0037817744666024,-955.7062710604935,0.5761474967002869,0.18733283877372742,0.42208048701286316,1.1855608224868774,1062.3823818294331
481,-0.749071021860709,-956.4553420823542,0.3527388870716095,0.18591776490211487,0.41900184750556946,0.9576584994792938,1063.3400403289124
482,-0.7016207093985734,-957.1569627917527,0.3514370918273926,0.18461598455905914,0.4166029393672943,0.952656015753746,1064.2926963446662
483,-1.3971869945526123,-958.5541497863053,0.35007867217063904,0.1873515099287033,1.458551287651062,1.9959814697504044,1066.2886778144166
484,-0.9923587551684785,-959.5465085414737,0.7561901807785034,0.20223666727542877,0.4176623523235321,1.3760892003774643,1067.664767014794
485,-0.8181574657112707,-960.364666007185,0.3468944728374481,0.23087537288665771,0.5277521014213562,1.105521947145462,1068.7702889619395
486,-0.9231059359605065,-961.2877719431455,0.3077986538410187,0.24157807230949402,0.7239189743995667,1.2732957005500793,1070.0435846624896
487,-1.8107774482148127,-963.0985493913603,0.06792356073856354,0.2113327980041504,2.260840892791748,2.540097251534462,1072.583681914024
488,-0.41632859900533253,-963.5148779903656,0.0,0.19324900209903717,0.3999083936214447,0.29785238206386566,1072.881534296088
489,-1.2310023906036895,-964.7458803809692,1.405547022819519,0.17388348281383514,0.0,1.522690799087286,1074.4042250951752
490,-0.06779056191125082,-964.8136709428804,0.0,0.08252085000276566,0.0,0.0,1074.4042250951752
491,-4.318205175085302,-969.1318761179657,3.340775966644287,0.6279453635215759,0.9485191106796265,4.9172404408454895,1079.3214655360207
492,-3.189444687354019,-972.3213208053197,0.0,1.686464786529541,1.7361642122268677,2.670533537864685,1081.9919990738854
493,0.0,-972.3213208053197,0.0,0.0,0.0,0.0,1081.9919990738854
494,0.0,-972.3213208053197,0.0,0.0,0.0,0.0,1081.9919990738854
495,0.0,-972.3213208053197,0.0,0.0,0.0,0.0,1081.9919990738854
496,0.0,-972.3213208053197,0.0,0.0,0.0,0.0,1081.9919990738854
497,-0.326280627399683,-972.6476014327194,0.02223338931798935,0.039968591183423996,0.26407864689826965,0.326280627399683,1082.318279701285
498,-4.551896572113037,-977.1994980048324,3.070821762084961,0.8911504149436951,0.5899243950843811,4.551896572113037,1086.870176273398
499,-2.1031478941440582,-979.3026458989765,1.0269628763198853,0.35601088404655457,0.7201741337776184,2.1031478941440582,1088.9733241675422
500,-4.167176187038422,-983.4698220860149,1.4743767976760864,0.9278134703636169,1.7649859189987183,4.167176187038422,1093.1405003545806
501,-2.7697844207286835,-986.2396065067436,1.3314045667648315,0.3876185119152069,1.050761342048645,2.7697844207286835,1095.9102847753093
502,-1.5796261429786682,-987.8192326497223,0.5798031091690063,0.3296126127243042,0.6702104210853577,1.5796261429786682,1097.489910918288
503,-1.0874227583408356,-988.9066554080631,0.3560788035392761,0.30459877848625183,0.4267451763153076,1.0874227583408356,1098.5773336766288
504,-0.8193312482865505,-989.7259866563496,0.35421058535575867,0.18733283877372742,0.42208048701286316,0.9636239111423492,1099.5409575877711
505,-0.8537784751910102,-990.5797651315406,0.3527388870716095,0.3010348379611969,0.41900184750556946,1.0727755725383759,1100.6137331603095
506,-4.290120381699297,-994.86988551324,2.4062469005584717,1.3108779191970825,1.805453896522522,5.522578716278076,1106.1363118765876
507,-3.8683276176452637,-998.7382131308852,2.404888391494751,1.3136134147644043,1.8076807260513306,5.526182532310486,1111.662494408898
508,-0.6811932325363159,-999.4194063634216,0.3357362449169159,0.20223666727542877,0.4351603388786316,0.9731332510709763,1112.635627659969
509,-1.9006376266479492,-1001.3200439900695,1.9565691947937012,0.23087537288665771,0.5277521014213562,2.715196669101715,1115.3508243290707
510,-6.4960713386535645,-1007.8161153287231,0.7452424764633179,0.25650835037231445,8.278350830078125,9.280101656913757,1124.6309259859845
511,-1.4967604875564575,-1009.3128758162795,0.15855766832828522,1.4071950912475586,0.5724765062332153,2.138229265809059,1126.7691552517936
512,-1.4272568225860596,-1010.7401326388656,0.16519969701766968,0.1806737631559372,1.69306480884552,2.038938269019127,1128.8080935208127
513,-1.5073432922363281,-1012.2474759311019,1.3778773546218872,0.16004861891269684,0.6154215931892395,2.1533475667238235,1130.9614410875365
514,-1.1013985122554004,-1013.3488744433573,1.56592857837677,0.007497816812247038,0.0,1.2244907314889133,1132.1859318190254
515,-2.0496490989898626,-1015.3985235423472,2.8004138469696045,0.0004916157922707498,0.0,2.460939463635441,1134.6468712826609
516,-1.4931209247434036,-1016.8916444670906,1.3011267185211182,0.4324950575828552,0.09189782291650772,1.825519599020481,1136.4723908816813
517,-2.7110523266663953,-1019.602696793757,0.0,1.4409416913986206,1.3446567058563232,1.603928804397583,1138.076319686079
518,0.0,-1019.602696793757,0.0,0.0,0.0,0.0,1138.076319686079
519,0.0,-1019.602696793757,0.0,0.0,0.0,0.0,1138.076319686079
520,0.0,-1019.602696793757,0.0,0.0,0.0,0.0,1138.076319686079
521,-0.09520650655031204,-1019.6979033003073,0.0,0.0,0.09520650655031204,0.0,1138.076319686079
522,-1.6650860607624054,-1021.3629893610697,0.4168977439403534,0.7015058994293213,0.5466824173927307,1.6650860607624054,1139.7414057468413
523,-3.2754074931144714,-1024.638396854184,0.5939352512359619,0.781958281993866,1.8995139598846436,3.2754074931144714,1143.0168132399558
524,-5.386346697807312,-1030.0247435519914,2.293407678604126,1.3279529809951782,1.7649860382080078,5.386346697807312,1148.4031599377631
525,-2.4462453424930573,-1032.4709888944844,0.6353296637535095,0.3876185119152069,1.4232971668243408,2.4462453424930573,1150.8494052802562
526,-1.4606641232967377,-1033.9316530177812,0.4215100109577179,0.3296126127243042,0.7095414996147156,1.4606641232967377,1152.310069403553
527,-1.0374187678098679,-1034.969071785591,0.37498530745506287,0.23568828403949738,0.4267451763153076,1.0374187678098679,1153.3474881713628
528,-0.8518291617381348,-1035.8209009473292,0.35421058535575867,0.19907063245773315,0.42208048701286316,0.975361704826355,1154.3228498761891
529,-0.735418853679581,-1036.5563198010088,0.3527388870716095,0.18591776490211487,0.41900184750556946,0.9576584994792938,1155.2805083756684
530,-3.865805149078369,-1040.4221249500872,2.4062469005584717,1.3108779191970825,1.805453896522522,5.522578716278076,1160.8030870919465
531,-0.8313215702328167,-1041.25344652032,0.35007867217063904,0.4166674017906189,0.4188297688961029,1.1855758428573608,1161.9886629348039
532,-0.6902027726173401,-1041.9436492929374,0.34860697388648987,0.20223666727542877,0.4351603388786316,0.9860039800405502,1162.9746669148444
533,-0.7556232213973999,-1042.6992725143348,0.3487769067287445,0.23087537288665771,0.49980950355529785,1.0794617831707,1164.0541286980151
534,-0.9822160005569458,-1043.6814885148917,0.7116307616233826,0.2397024929523468,0.45183253288269043,1.4031657874584198,1165.4572944854735
535,-1.5877418518066406,-1045.2692303666984,0.10145055502653122,0.5448907613754272,1.6218613386154175,2.268202655017376,1167.725497140491
536,-2.031507894396782,-1047.3007382610951,0.0,2.6300389766693115,0.27211520075798035,2.566778838634491,1170.2922759791254
537,-16.992755889892578,-1064.2934941509877,6.898716926574707,13.502847671508789,3.87380051612854,24.275365114212036,1194.5676410933374
538,-2.571457624435425,-1066.8649517754232,3.673511028289795,0.0,0.0,1.4750595092773438,1196.0427006026148
539,0.0,-1066.8649517754232,0.0,0.0,0.0,0.0,1196.0427006026148
540,-0.3157922069207607,-1067.180743982344,0.0,0.0,0.3689352869987488,0.0,1196.0427006026148
541,0.0,-1067.180743982344,0.0,0.0,0.0,0.0,1196.0427006026148
542,-1.5716594457626343,-1068.7524034281066,1.5716594457626343,0.0,0.0,1.0691965520381927,1197.111897154653
543,-5.249531164765358,-1074.001934592872,5.1226091384887695,0.0,0.12692202627658844,5.104567959904671,1202.2164651145576
544,-0.5736870169639587,-1074.575621609836,0.0,0.0,0.5736870169639587,0.2892528399825096,1202.5057179545402
545,-0.6228491365909576,-1075.198470746427,0.15520906448364258,0.09506690502166748,0.3725731670856476,0.6228491365909576,1203.1285670911311
546,-2.7946290373802185,-1077.993099783807,0.538820743560791,0.7438444495201111,1.5119638442993164,2.7946290373802185,1205.9231961285113
547,-2.333390563726425,-1080.3264903475335,1.247894525527954,0.35911455750465393,0.7263814806938171,2.333390563726425,1208.2565866922378
548,-4.842439293861389,-1085.168929641395,2.344886541366577,1.0424724817276,1.455080270767212,4.842439293861389,1213.0990259860992
549,-2.3829104900360107,-1087.551840131431,1.0641010999679565,0.5022775530815125,0.8165318369865417,2.3829104900360107,1215.4819364761352
550,-3.609270215034485,-1091.1611103464654,1.448914885520935,0.7563884258270264,1.4039669036865234,3.609270215034485,1219.0912066911696
551,-1.0864952206611633,-1092.2476055671266,0.3560788035392761,0.3036712408065796,0.4267451763153076,1.0864952206611633,1220.1777019118308
552,-0.8562712342706608,-1093.1038768013973,0.35421058535575867,0.18733283877372742,0.42208048701286316,0.9636239111423492,1221.1413258229732
553,-4.265978751844868,-1097.3698555532421,2.407548666000366,1.5406036376953125,1.8078527450561523,5.756005048751831,1226.897330871725
554,-3.8569374084472656,-1101.2267929616894,2.3935787677764893,1.3108779191970825,1.805453896522522,5.509910583496094,1232.407241455221
555,-0.6693819761276245,-1101.896174937817,0.35007867217063904,0.1873515099287033,0.4188297688961029,0.9562599509954453,1233.3635014062165
556,-3.889148712158203,-1105.7853236499752,2.403416872024536,1.3284986019134521,1.8240113258361816,5.55592679977417,1238.9194282059907
557,-0.7556232213973999,-1106.5409468713726,0.3487769067287445,0.23087537288665771,0.49980950355529785,1.0794617831707,1239.9988899891614
558,-0.7219630479812622,-1107.262909919354,0.33445003628730774,0.2414994090795517,0.4554263651371002,1.0313758105039597,1241.0302657996654
559,-0.9674565727812139,-1108.230366492135,0.053132280707359314,0.8090472221374512,0.5149567723274231,1.3771362751722336,1242.4074020748376
560,-10.62651252746582,-1118.856879019601,5.943613529205322,5.139077186584473,4.09804105758667,15.180731773376465,1257.588133848214
561,0.0,-1118.856879019601,0.0,0.0,0.0,0.0,1257.588133848214
562,0.0,-1118.856879019601,0.0,0.0,0.0,0.0,1257.588133848214
563,-3.8621639476464193,-1122.7190429672473,2.153092384338379,1.5490856170654297,1.2775622606277466,4.979740262031555,1262.5678741102456
564,-4.513226205165963,-1127.2322691724132,5.169285297393799,0.05371079966425896,0.0,4.918951731175184,1267.4868258414208
565,-1.9019612121319736,-1129.1342303845452,1.9370598793029785,0.0,0.0,1.2762171924114227,1268.7630430338322
566,0.0,-1129.1342303845452,0.0,0.0,0.0,0.0,1268.7630430338322
567,0.0,-1129.1342303845452,0.0,0.0,0.0,0.0,1268.7630430338322
568,-2.6791260838508606,-1131.813356468396,0.0,0.9248449206352234,1.7542811632156372,0.9094175696372986,1269.6724606034695
569,-1.3636056929826736,-1133.1769621613787,0.9185211062431335,0.08785857260227203,0.35722601413726807,1.3636056929826736,1271.0360662964522
570,-2.657454550266266,-1135.834416711645,0.41911715269088745,1.0024840831756592,1.2358533143997192,2.657454550266266,1273.6935208467185
571,-1.9221795797348022,-1137.7565962913798,0.5895199179649353,0.35659223794937134,0.9760674238204956,1.9221795797348022,1275.6157004264533
572,-2.0460004806518555,-1139.8025967720316,0.6107575297355652,0.36468249559402466,1.0705604553222656,2.0460004806518555,1277.6617009071051
573,-2.44611519575119,-1142.2487119677828,0.7614763379096985,0.19623863697052002,1.4884002208709717,2.44611519575119,1280.1078161028563
574,-5.503313064575195,-1147.752025032358,3.065558910369873,0.7563884258270264,1.681365728378296,5.503313064575195,1285.6111291674315
575,-3.375507891178131,-1151.1275329235361,1.4023902416229248,0.7521432042121887,1.2209744453430176,3.375507891178131,1288.9866370586096
576,-0.9162473498870722,-1152.0437802734232,0.3568393290042877,0.18733283877372742,0.45272377133369446,0.9968959391117096,1289.9835329977213
577,-0.8082687491879512,-1152.852049022611,0.3527388870716095,0.18591776490211487,0.41900184750556946,0.9576584994792938,1290.9411914972006
578,-0.7746265003738808,-1153.626675522985,0.3514370918273926,0.18461598455905914,0.4166029393672943,0.952656015753746,1291.8938475129544
579,-0.7467855844867577,-1154.3734611074717,0.35007867217063904,0.1873515099287033,0.4188297688961029,0.9562599509954453,1292.8501074639498
580,-0.7173059721373038,-1155.0907670796091,0.34860697388648987,0.20223666727542877,0.4351603388786316,0.9860039800405502,1293.8361114439904
581,-2.9800998319214407,-1158.0708669115306,3.3222358226776123,0.23087537288665771,0.49980950355529785,4.052920699119568,1297.88903214311
582,-1.9995549883165733,-1160.0704218998471,1.3316127061843872,0.6040012836456299,0.7538245916366577,2.689438581466675,1300.5784707245766
583,-1.6374773961010836,-1161.7078992959482,1.1802514791488647,0.358120322227478,0.6231178045272827,2.1614896059036255,1302.7399603304802
584,-6.412455031676755,-1168.120354327625,3.1220521926879883,3.5800719261169434,2.0799639225006104,8.782088041305542,1311.5220483717858
585,-2.8489955335926362,-1170.9693498612176,0.6810336709022522,1.0649561882019043,2.147446870803833,3.8934367299079895,1315.4154851016938
586,-1.7889180598954426,-1172.758267921113,1.3531303405761719,0.9221259355545044,0.0,1.7081100940704346,1317.1235951957642
587,-3.3334549133672704,-1176.0917228344802,2.2725369930267334,0.8199070692062378,0.9755056500434875,4.067949712276459,1321.1915449080407
588,0.0,-1176.0917228344802,0.0,0.0,0.0,0.0,1321.1915449080407
589,-0.008028511233822092,-1176.099751345714,0.0,0.008134962059557438,0.0,0.0,1321.1915449080407
590,-0.24768562521785498,-1176.3474369709318,0.24066291749477386,0.007022707723081112,0.0,0.0,1321.1915449080407
591,-0.04044690728187561,-1176.3878838782136,0.0,0.04044690728187561,0.0,0.0,1321.1915449080407
592,-0.05079980567097664,-1176.4386836838846,0.05079980567097664,0.0,0.0,0.0,1321.1915449080407
593,-0.4816442411392927,-1176.920327925024,0.0,0.026100127026438713,0.455544114112854,0.40793406777083874,1321.5994789758115
594,-1.5282222032546997,-1178.4485501282786,0.0,0.7217830419540405,0.8064391613006592,0.9231967926025391,1322.522675768414
595,-1.779585525393486,-1180.228135653672,0.22874362766742706,0.35625216364860535,1.1945897340774536,1.779585525393486,1324.3022612938075
596,-2.0824224054813385,-1182.3105580591534,0.5698235034942627,0.41281142830848694,1.0997874736785889,2.0824224054813385,1326.3846836992889
597,-5.028951287269592,-1187.339509346423,2.567244529724121,0.9507495164871216,1.5109572410583496,5.028951287269592,1331.4136349865585
598,-4.688614368438721,-1192.0281237148617,2.528259038925171,0.7563884258270264,1.4039669036865234,4.688614368438721,1336.1022493549972
599,-0.9718362241983414,-1192.99995993906,0.3560788035392761,0.18901224434375763,0.4267451763153076,0.9718362241983414,1337.0740855791955
600,-0.861289053049127,-1193.8612489921093,0.35421058535575867,0.18733283877372742,0.42208048701286316,0.9636239111423492,1338.0377094903379
601,-0.7265695413869941,-1194.5878185334964,0.3527388870716095,0.18591776490211487,0.41900184750556946,0.9576584994792938,1338.9953679898172
602,-4.124394845326618,-1198.712213378823,2.4062469005584717,1.3108779191970825,1.805453896522522,5.522578716278076,1344.5179467060952
603,-0.9546902179718018,-1199.6669035967948,0.7576619386672974,0.1873515099287033,0.4188297688961029,1.3638432174921036,1345.8817899235873
604,-1.390077918727599,-1201.0569815155225,1.347259283065796,0.20223666727542877,0.4351603388786316,1.9846562892198563,1347.8664462128072
605,-1.220044689840663,-1202.2770262053632,0.9380737543106079,0.23087537288665771,0.5277521014213562,1.6967012286186218,1349.5631474414258
606,-1.2464015483856201,-1203.5234277537488,1.0610169172286987,0.2490430623292923,0.4705136716365814,1.7805736511945724,1351.3437210926204
607,-0.9594130861931718,-1204.482840839942,0.759421706199646,0.21481603384017944,0.3428937792778015,1.317131519317627,1352.660852611938
608,-0.45982763224199424,-1204.9426684721839,0.0,0.1623491495847702,0.48917993903160095,0.3432431071996689,1353.0040957191377
609,-11.08182430267334,-1216.0244927748572,5.850531101226807,5.065459728240967,4.915186882019043,15.831177711486816,1368.8352734306245
610,-1.1245943652019939,-1217.1490871400592,1.540607213973999,0.020695986226201057,0.0,1.2387638706713915,1370.074037301296
611,-1.2793694049631108,-1218.4284565450223,0.8528894782066345,0.08889833092689514,0.7148323655128479,1.6566201746463776,1371.7306574759423
612,-1.6275812987845684,-1220.056037843807,0.0,1.6244215965270996,0.263426274061203,0.8286950290203094,1372.5593525049626
613,-0.06849820883885137,-1220.124536052646,0.0,0.0,0.06951248645782471,0.0,1372.5593525049626
614,0.0,-1220.124536052646,0.0,0.0,0.0,0.0,1372.5593525049626
615,0.0,-1220.124536052646,0.0,0.0,0.0,0.0,1372.5593525049626
616,0.0,-1220.124536052646,0.0,0.0,0.0,0.0,1372.5593525049626
617,-1.1489898264408112,-1221.2735258790867,0.38442274928092957,0.0,0.7645670771598816,1.1208774782717228,1373.6802299832343
618,-0.9395047724246979,-1222.2130306515114,0.0,0.6771676540374756,0.2623371183872223,0.0,1373.6802299832343
619,-4.09606009721756,-1226.309090748729,1.7577464580535889,0.9206659197807312,1.4176477193832397,4.09606009721756,1377.7762900804519
620,-5.109344780445099,-1231.418435529174,2.4165453910827637,0.9278134703636169,1.7649859189987183,5.109344780445099,1382.885634860897
621,-1.658369541168213,-1233.0768050703423,0.45421919226646423,0.3876185119152069,0.8165318369865417,1.658369541168213,1384.5440044020652
622,-6.057295113801956,-1239.1341001841442,0.4215100109577179,4.011590003967285,1.6241950988769531,6.057295113801956,1390.6012995158671
623,-1.4146983623504639,-1240.5487985464947,0.3560788035392761,0.30236607789993286,0.7562534809112549,1.4146983623504639,1392.0159978782176
624,-1.7837194406228796,-1242.3325179871176,0.35421058535575867,0.18733283877372742,1.5970796346664429,2.138623058795929,1394.1546209370135
625,-0.6807650186639878,-1243.0132830057817,0.3527388870716095,0.18591776490211487,0.41699478030204773,0.9556514322757721,1395.1102723692893
626,-3.948124354476911,-1246.9614073602586,2.4062469005584717,1.3108779191970825,1.7871216535568237,5.504246473312378,1400.6145188426017
627,-1.4499027132987976,-1248.4113100735574,1.3208070993423462,0.7504824995994568,0.0,1.6929090321063995,1402.307427874708
628,-3.6055798530578613,-1252.0168899266152,2.403099775314331,1.3284986019134521,1.4192301034927368,5.15082848072052,1407.4582563554286
629,-2.262481212615967,-1254.2793711392312,0.3487769067287445,0.23087537288665771,2.652463912963867,3.2321161925792694,1410.6903725480079
630,-0.8751776218414307,-1255.1545487610726,0.34246259927749634,0.31018462777137756,0.5976065397262573,1.2502537667751312,1411.940626314783
631,-0.8504448533058167,-1256.0049936143785,0.3763113021850586,0.3105776011943817,0.5280323624610901,1.2149212658405304,1413.1555475806235
632,-1.319964587688446,-1257.324958202067,0.0,0.8361832499504089,1.0494804382324219,1.5119211375713348,1414.6674687181949
633,-3.385322332382202,-1260.710280534449,1.336390495300293,1.363494634628296,2.1362898349761963,4.836174964904785,1419.5036436830997
634,-1.6319043396649915,-1262.342184874114,1.0555287599563599,1.2144603729248047,0.0,1.8925177156925201,1421.3961613987922
635,-1.6094956994056702,-1263.9516805735198,0.889824628829956,1.4094549417495728,0.0,1.7262566089630127,1423.1224180077552
636,0.0,-1263.9516805735198,0.0,0.0,0.0,0.0,1423.1224180077552
637,0.0,-1263.9516805735198,0.0,0.0,0.0,0.0,1423.1224180077552
638,0.0,-1263.9516805735198,0.0,0.0,0.0,0.0,1423.1224180077552
639,0.0,-1263.9516805735198,0.0,0.0,0.0,0.0,1423.1224180077552
640,-0.41181862354278564,-1264.3634991970625,0.41181862354278564,0.0,0.0,0.0,1423.1224180077552
641,-0.38396577537059784,-1264.7474649724331,0.31945550441741943,0.0,0.0645102709531784,0.3241501823067665,1423.446568190062
642,-2.4379825592041016,-1267.1854475316372,0.5452353954315186,1.1327673196792603,0.7599798440933228,2.4379825592041016,1425.884550749266
643,-9.343189895153046,-1276.5286374267903,0.517493724822998,0.35864752531051636,8.467048645019531,9.343189895153046,1435.227740644419
644,-4.7480111718177795,-1281.276648598608,1.8753126859664917,0.9278134703636169,1.944885015487671,4.7480111718177795,1439.9757518162369
645,-5.710519164800644,-1286.9871677634087,4.1328816413879395,0.3876185119152069,1.1900190114974976,5.710519164800644,1445.6862709810375
646,-1.5736063718795776,-1288.5607741352883,0.4215100109577179,0.44255486130714417,0.7095414996147156,1.5736063718795776,1447.259877352917
647,-1.1183160692453384,-1289.6790902045336,0.3560788035392761,0.23568828403949738,0.5265489816665649,1.1183160692453384,1448.3781934221624
648,-0.8805333603151463,-1290.5596235648488,0.35421058535575867,0.2998753786087036,0.45272377133369446,1.1068097352981567,1449.4850031574606
649,-4.134440205118746,-1294.6940637699677,2.407548666000366,1.312179684638977,1.8078527450561523,5.527581095695496,1455.012584253156
650,-4.01651456266023,-1298.7105783326278,2.4062469005584717,1.3108779191970825,1.805453896522522,5.522578716278076,1460.5351629694342
651,-0.6693819761276245,-1299.3799603087555,0.35007867217063904,0.1873515099287033,0.4188297688961029,0.9562599509954453,1461.4914229204296
652,-0.6902027726173401,-1300.0701630813728,0.34860697388648987,0.20223666727542877,0.4351603388786316,0.9860039800405502,1462.4774269004702
653,-1.4688938856124878,-1301.5390569669853,1.3677350282669067,0.23087537288665771,0.49980950355529785,2.0984199047088623,1464.575846805179
654,-2.6291861534118652,-1304.1682431203972,2.7056221961975098,0.24639129638671875,0.8039667010307312,3.7559801936149597,1468.331826998794
655,-1.8124829530715942,-1305.9807260734688,1.1488118171691895,0.21834512054920197,1.2221044301986694,2.589261367917061,1470.921088366711
656,-3.625920683145523,-1309.6066467566143,0.0,0.500525951385498,4.679360866546631,4.813620030879974,1475.734708397591
657,-7.229320049285889,-1316.8359668059002,1.304582953453064,1.2727266550064087,7.750290870666504,10.327600479125977,1486.062308876717
658,-3.295761945011662,-1320.1317287509119,1.0822737216949463,1.1328643560409546,2.281308650970459,4.49644672870636,1490.5587556054234
659,-2.9034708151145896,-1323.0351995660264,1.8100746870040894,1.032020092010498,1.0319383144378662,3.8740330934524536,1494.4327886988758
660,-6.079843329648192,-1329.1150428956746,1.1543335914611816,4.199926376342773,1.9500430822372437,7.304303050041199,1501.737091748917
661,0.0,-1329.1150428956746,0.0,0.0,0.0,0.0,1501.737091748917
662,-3.48197203874588,-1332.5970149344205,0.7364920973777771,1.410928726196289,1.334551215171814,3.48197203874588,1505.219063787663
663,0.0,-1332.5970149344205,0.0,0.0,0.0,0.0,1505.219063787663
664,-0.00890298467129469,-1332.6059179190918,0.00890298467129469,0.0,0.0,0.0,1505.219063787663
665,-0.0994834154844284,-1332.7054013345762,0.0,0.0,0.0994834154844284,0.0,1505.219063787663
666,-0.9491252899169922,-1333.6545266244932,0.40967029333114624,0.0,0.539454996585846,0.0,1505.219063787663
667,-4.112827956676483,-1337.7673545811697,2.1317942142486572,0.33292776346206665,1.6481059789657593,4.112827956676483,1509.3318917443394
668,-2.157742202281952,-1339.9250967834516,0.7031154632568359,0.36468249559402466,1.0899442434310913,2.157742202281952,1511.4896339466213
669,-16.44173428416252,-1356.3668310676142,7.0275139808654785,0.3876185119152069,9.026601791381836,16.44173428416252,1527.9313682307838
670,-2.520822763442993,-1358.8876538310572,0.4215100109577179,0.44215521216392517,1.65715754032135,2.520822763442993,1530.4521909942268
671,-1.6027223765850067,-1360.4903762076422,0.37498530745506287,0.7011880874633789,0.5265489816665649,1.6027223765850067,1532.0549133708118
672,-0.8457472153953585,-1361.3361234230374,0.3568393290042877,0.19907063245773315,0.42208048701286316,0.977990448474884,1533.0329038192867
673,-1.227873029395199,-1362.5639964524325,0.34507817029953003,0.7501539587974548,0.41900184750556946,1.5142339766025543,1534.5471377958893
674,-5.191720311395178,-1367.7557167638276,3.755979537963867,1.4230326414108276,1.805453896522522,6.984466075897217,1541.5316038717865
675,-0.743292377946029,-1368.4990091417737,0.35007867217063904,0.1873515099287033,0.4188297688961029,0.9562599509954453,1542.487863822782
676,-0.6902027726173401,-1369.189211914391,0.34860697388648987,0.20223666727542877,0.4351603388786316,0.9860039800405502,1543.4738678028225
677,-0.7657218803652079,-1369.9549337947562,0.3487769067287445,0.23087537288665771,0.49980950355529785,1.0794617831707,1544.5533295859932
678,-1.7858421802520752,-1371.7407759750083,1.0169463157653809,1.0625839233398438,0.47167298197746277,2.5512032210826874,1547.1045328070759
679,-1.1204508543014526,-1372.8612268293098,0.21681378781795502,0.8010032773017883,0.5828270316123962,1.6006440967321396,1548.705176903808
680,-0.3084847331047058,-1373.1697115624145,0.0,0.22050392627716064,0.22018855810165405,0.2487160563468933,1548.953892960155
681,-2.9953824799199107,-1376.1650940423344,2.4570155143737793,0.25337982177734375,1.4911038875579834,4.2014992237091064,1553.155392183864
682,-2.046724903558131,-1378.2118189458927,1.1602590084075928,0.3820599615573883,1.2967554330825806,2.8390744030475616,1555.9944665869116
683,-3.7964543283890886,-1382.0082732742817,1.843459129333496,0.0,3.0098369121551514,4.823101598769426,1560.817568185681
684,0.0,-1382.0082732742817,0.0,0.0,0.0,0.0,1560.817568185681
685,0.0,-1382.0082732742817,0.0,0.0,0.0,0.0,1560.817568185681
686,0.0,-1382.0082732742817,0.0,0.0,0.0,0.0,1560.817568185681
687,0.0,-1382.0082732742817,0.0,0.0,0.0,0.0,1560.817568185681
688,-0.4294658899307251,-1382.4377391642124,0.4294658899307251,0.0,0.0,0.0,1560.817568185681
689,-1.4967931807041168,-1383.9345323449165,1.3497508764266968,0.0,0.14704230427742004,1.4782436080276966,1562.2958117937087
690,-10.20630669593811,-1394.1408390408546,1.4444351196289062,0.7057955265045166,8.056076049804688,10.20630669593811,1572.5021184896468
691,-2.619336783885956,-1396.7601758247406,1.0972508192062378,0.5973512530326843,0.9247347116470337,2.619336783885956,1575.1214552735328
692,-3.8572705388069153,-1400.6174463635475,1.4743767976760864,0.9278134703636169,1.455080270767212,3.8572705388069153,1578.9787258123397
693,-1.658369541168213,-1402.2758159047157,0.45421919226646423,0.3876185119152069,0.8165318369865417,1.658369541168213,1580.637095353508
694,-1.8843421936035156,-1404.1601580983192,0.57329261302948,0.19325745105743408,1.1177921295166016,1.8843421936035156,1582.5214375471114
695,-1.653663530945778,-1405.813821629265,0.3560788035392761,0.18901224434375763,1.1085724830627441,1.653663530945778,1584.1751010780572
696,-0.8992062138137319,-1406.7130278430789,0.35421058535575867,0.18733283877372742,0.42208048701286316,0.9636239111423492,1585.1387249891995
697,-0.7953584728111269,-1407.50838631589,0.3527388870716095,0.18591776490211487,0.41900184750556946,0.9576584994792938,1586.0963834886788
698,-3.981648902584812,-1411.4900352184748,2.4062469005584717,1.3108779191970825,1.805453896522522,5.522578716278076,1591.618962204957
699,-0.6768991398213212,-1412.166934358296,0.35007867217063904,0.1873515099287033,0.4188297688961029,0.9562599509954453,1592.5752221559524
700,-0.6902027726173401,-1412.8571371309133,0.34860697388648987,0.20223666727542877,0.4351603388786316,0.9860039800405502,1593.561226135993
701,-0.7556232213973999,-1413.6127603523107,0.3487769067287445,0.23087537288665771,0.49980950355529785,1.0794617831707,1594.6406879191636
702,-0.7088161706924438,-1414.3215765230032,0.3108523190021515,0.24310490489006042,0.4586373567581177,1.0125945806503296,1595.653282499814
703,-1.2746793031692505,-1415.5962558261724,1.3067142963409424,0.20033147931098938,0.3139246702194214,1.8209704458713531,1597.4742529456853
704,-0.9278358172334179,-1416.5240916434059,0.7592211961746216,0.2643275260925293,0.2989349663257599,1.3224836885929108,1598.7967366342782
705,-2.2021095498947183,-1418.7262011933005,1.9054900407791138,0.24723315238952637,0.8402770757675171,2.9930002689361572,1601.7897369032144
706,-0.9732967156990141,-1419.6994979089995,1.2209644317626953,0.09429768472909927,0.0,1.1306347772479057,1602.9203716804623
707,-2.577754189989024,-1422.2772520989886,0.9807974696159363,1.128042221069336,1.0364352464675903,3.1452749371528625,1606.0656466176151
708,-0.058626285378023515,-1422.3358783843667,0.0,0.06494231522083282,0.0,0.0,1606.0656466176151
709,0.0,-1422.3358783843667,0.0,0.0,0.0,0.0,1606.0656466176151
710,0.0,-1422.3358783843667,0.0,0.0,0.0,0.0,1606.0656466176151
711,0.0,-1422.3358783843667,0.0,0.0,0.0,0.0,1606.0656466176151
712,-0.5691612586379051,-1422.9050396430046,0.0,0.46515965461730957,0.10400160402059555,0.5339180119335651,1606.5995646295487
713,-1.4528172314167023,-1424.3578568744213,0.20622381567955017,0.5890516638755798,0.6575417518615723,1.4528172314167023,1608.0523818609654
714,-2.1043287217617035,-1426.462185596183,0.3609231412410736,0.5004211664199829,1.242984414100647,2.1043287217617035,1610.156710582727
715,-2.3051944971084595,-1428.7673800932914,0.861149787902832,0.46824032068252563,0.9758043885231018,2.3051944971084595,1612.4619050798356
716,-2.6377453207969666,-1431.4051254140884,1.2025023698806763,0.36468249559402466,1.0705604553222656,2.6377453207969666,1615.0996504006325
717,-5.279358983039856,-1436.6844843971282,2.591137409210205,0.9507495164871216,1.7374720573425293,5.279358983039856,1620.3790093836724
718,-3.2800659239292145,-1439.9645503210575,0.4215100109577179,0.19325745105743408,2.6652984619140625,3.2800659239292145,1623.6590753076016
