time_step,reward,cumulative_reward,grid_import_kwh,cumulative_grid_import_kwh
0,-5.0835114732876265,-5.0835114732876265,2.033644199371338,2.033644199371338
1,-2.0611406573487785,-7.1446521306364055,0.8462807536125183,2.879924952983856
2,-1.8403457266773935,-8.984997857313799,0.7249863147735596,3.6049112677574158
3,-1.73642002373698,-10.721417881050778,0.6327978372573853,4.237709105014801
4,-1.653488299193077,-12.374906180243855,0.6071555614471436,4.844864666461945
5,-2.800681965253034,-15.175588145496889,1.00062894821167,5.8454936146736145
6,-3.60785219651159,-18.78344034200848,1.607621669769287,7.453115284442902
7,-1.2515150991666206,-20.0349554411751,0.5342340469360352,7.987349331378937
8,-10.96192855965901,-30.996884000834108,4.653266429901123,12.64061576128006
9,-0.9377658884769744,-31.934649889311082,0.48263463377952576,13.123250395059586
10,0.0,-31.934649889311082,0.0,13.123250395059586
11,-9.601613226089556,-41.53626311540064,5.018230438232422,18.141480833292007
12,-0.5160472864948759,-42.05231040189551,0.26597872376441956,18.407459557056427
13,-1.0753504146713795,-43.12766081656689,0.7617638111114502,19.169223368167877
14,-1.5185841752667482,-44.64624499183363,1.1042695045471191,20.273492872714996
15,0.0,-44.64624499183363,0.0,20.273492872714996
16,-0.5019370413450588,-45.14818203317869,0.372394323348999,20.645887196063995
17,-0.34133849273928263,-45.489520525917975,0.16955052316188812,20.815437719225883
18,-1.0536089319946276,-46.5431294579126,0.4625154137611389,21.277953132987022
19,-2.496816599089743,-49.03994605700234,1.0769085884094238,22.354861721396446
20,-1.0018002038112115,-50.041746260813554,0.5288646817207336,22.88372640311718
21,-1.9259635702531037,-51.96770983106666,0.9365671873092651,23.820293590426445
22,-0.830180382839247,-52.7978902139059,0.4215100109577179,24.241803601384163
23,-4.896788368932903,-57.694678582838804,2.410888671875,26.652692273259163
24,-2.882787139257971,-60.577465722096775,1.3816155195236206,28.034307792782784
25,-3.051673435566348,-63.629139157663126,1.3801437616348267,29.41445155441761
26,-3.024397218792092,-66.65353637645522,1.3788419961929321,30.793293550610542
27,-5.532695906520037,-72.18623228297525,2.404888391494751,33.19818194210529
28,-3.6554117875083723,-75.84164407048362,1.3546943664550781,34.55287630856037
29,-3.9335547882254867,-79.77519885870912,1.3658525943756104,35.91872890293598
30,-3.737669239952584,-83.5128680986617,1.3301458358764648,37.24887473881245
31,-0.21070543777600503,-83.7235735364377,0.07796920090913773,37.326843939721584
32,0.0,-83.7235735364377,0.0,37.326843939721584
33,-1.4375704056521386,-85.16114394208984,0.5955699682235718,37.922413907945156
34,-0.14428713764862405,-85.30543107973845,0.06265433132648468,37.98506823927164
35,-0.7574162890341918,-86.06284736877265,0.3224653899669647,38.307533629238605
36,-10.43977825197876,-96.50262562075142,4.797369956970215,43.10490358620882
37,-9.127411414891004,-105.63003703564242,3.8069448471069336,46.911848433315754
38,-3.219347512742184,-108.8493845483846,1.5404163599014282,48.45226479321718
39,-0.6142281721967493,-109.46361272058135,0.3723286986351013,48.82459349185228
40,-2.2960428274567564,-111.75965554803811,1.4751505851745605,50.299744077026844
41,0.0,-111.75965554803811,0.0,50.299744077026844
42,-4.030210090880791,-115.7898656389189,2.136512279510498,52.43625635653734
43,-1.6390352263364092,-117.4289008652553,0.7583456039428711,53.19460196048021
44,-5.03296730015045,-122.46186816540575,2.2908387184143066,55.48544067889452
45,-1.326876532432607,-123.78874469783835,0.6353296637535095,56.12077034264803
46,-1.2133138141730646,-125.00205851201142,0.5435421466827393,56.66431248933077
47,-3.1277795475007903,-128.1298380595122,1.4023902416229248,58.06670273095369
48,-0.6692597933880127,-128.79909785290022,0.35421058535575867,58.42091331630945
49,-0.670666237485769,-129.46976409038598,0.3527388870716095,58.77365220338106
50,-0.6693254368012845,-130.13908952718725,0.3514370918273926,59.125089295208454
51,-7.082914171404051,-137.2220036985913,3.5376577377319336,62.66274703294039
52,0.0,-137.2220036985913,0.0,62.66274703294039
53,0.0,-137.2220036985913,0.0,62.66274703294039
54,-0.6369799239828183,-137.8589836225741,0.29201510548591614,62.954762138426304
55,-1.145380938734049,-139.00436456130814,0.5197288393974304,63.474490977823734
56,-1.8556538044246698,-140.8600183657328,0.794775664806366,64.2692666426301
57,0.0,-140.8600183657328,0.0,64.2692666426301
58,-2.7624614727986225,-143.62247983853143,1.210247278213501,65.4795139208436
59,0.0,-143.62247983853143,0.0,65.4795139208436
60,-1.8612504743375893,-145.48373031286903,0.968116044998169,66.44762996584177
61,-0.486865489180578,-145.97059580204962,0.262943834066391,66.71057379990816
62,-0.6068206679398638,-146.5774164699895,0.34445884823799133,67.05503264814615
63,-2.8936464757998692,-149.47106294578936,1.561369776725769,68.61640242487192
64,-1.547668643170387,-151.01873158895975,0.9007319211959839,69.5171343460679
65,-0.2577504882591555,-151.2764820772189,0.14395681023597717,69.66109115630388
66,-1.9331102965409928,-153.2095923737599,0.9867361783981323,70.64782733470201
67,-1.7129122947486848,-154.9225046685086,0.8331621885299683,71.48098952323198
68,-1.2464272489973534,-156.16893191750594,0.6107575297355652,72.09174705296755
69,-1.3018475613262126,-157.47077947883216,0.6353296637535095,72.72707671672106
70,-1.0440755954210488,-158.5148550742532,0.48252609372138977,73.20960281044245
71,-1.732333984820775,-160.24718905907397,0.8712420463562012,74.08084485679865
72,-0.7336848387919114,-160.98087389786588,0.3594680726528168,74.44031292945147
73,-0.6945108027411379,-161.67538470060703,0.3527388870716095,74.79305181652308
74,-0.737514615490225,-162.41289931609725,0.3514370918273926,75.14448890835047
75,-0.7335752654395643,-163.1464745815368,0.3348560631275177,75.47934497147799
76,-0.7568181168964202,-163.90329269843323,0.34860697388648987,75.82795194536448
77,-8.717851917194837,-172.62114461562808,4.569629669189453,80.39758161455393
78,-0.9688039383170234,-173.5899485539451,0.5133631825447083,80.91094479709864
79,-0.9728835792526904,-174.5628321331978,0.5088502168655396,81.41979501396418
80,0.0,-174.5628321331978,0.0,81.41979501396418
81,0.0,-174.5628321331978,0.0,81.41979501396418
82,-1.8003332775449055,-176.36316541074268,1.088951587677002,82.50874660164118
83,0.0,-176.36316541074268,0.0,82.50874660164118
84,0.0,-176.36316541074268,0.0,82.50874660164118
85,0.0,-176.36316541074268,0.0,82.50874660164118
86,0.0,-176.36316541074268,0.0,82.50874660164118
87,-0.6404369823477282,-177.0036023930904,0.39555931091308594,82.90430591255426
88,0.0,-177.0036023930904,0.0,82.90430591255426
89,-3.8191243254715572,-180.82272671856197,1.987291693687439,84.8915976062417
90,-0.7625046845049307,-181.5852314030669,0.398721843957901,85.2903194501996
91,-1.2193982653837565,-182.80462966845064,0.5945645570755005,85.8848840072751
92,-1.6948650139387722,-184.4994946823894,0.9364479184150696,86.82133192569017
93,-1.1765013990915199,-185.67599608148092,0.5447744131088257,87.366106338799
94,-1.4662986215503375,-187.14229470303127,0.6589604616165161,88.02506680041552
95,-3.0634615433486942,-190.20575624637996,1.383483648300171,89.40855044871569
96,-0.8276359971338688,-191.03339224351384,0.35421058535575867,89.76276103407145
97,-0.8442534200653428,-191.8776456635792,0.3527388870716095,90.11549992114305
98,-0.8372938329157971,-192.714939496495,0.3514370918273926,90.46693701297045
99,-0.8899940932018467,-193.60493358969683,0.35007867217063904,90.81701568514109
100,-3.1355364401027903,-196.7404700297996,1.2545539140701294,92.07156959921122
101,-0.8875380646162322,-197.62800809441583,0.3468944728374481,92.41846407204866
102,-4.6990366980006,-202.32704479241644,2.1058928966522217,94.52435696870089
103,-2.3834479877915515,-204.710492780208,1.406815528869629,95.93117249757051
104,-0.4753763018883888,-205.1858690820964,0.26671406626701355,96.19788656383753
105,0.0,-205.1858690820964,0.0,96.19788656383753
106,0.0,-205.1858690820964,0.0,96.19788656383753
107,0.0,-205.1858690820964,0.0,96.19788656383753
108,-0.11204862951119784,-205.2979177116076,0.06056636571884155,96.25845292955637
109,0.0,-205.2979177116076,0.0,96.25845292955637
110,0.0,-205.2979177116076,0.0,96.25845292955637
111,0.0,-205.2979177116076,0.0,96.25845292955637
112,0.0,-205.2979177116076,0.0,96.25845292955637
113,-1.7444852582999602,-207.04240296990756,0.8948801755905151,97.15333310514688
114,-0.8641863843258647,-207.90658935423343,0.37103885412216187,97.52437195926905
115,-1.6411896056599895,-209.54777895989344,0.7546690702438354,98.27904102951288
116,-0.9523201816460926,-210.50009914153952,0.4469718635082245,98.7260128930211
117,-0.8067470761824268,-211.30684621772195,0.3636639416217804,99.08967683464289
118,-3.565132350548902,-214.87197856827086,1.6241395473480225,100.71381638199091
119,-1.3157201616373984,-216.18769872990825,0.5923177599906921,101.3061341419816
120,-3.313333346632893,-219.50103207654115,1.3816155195236206,102.68774966150522
121,-0.8387770226244128,-220.33980909916556,0.3527388870716095,103.04048854857683
122,-0.8913200883984188,-221.231129187564,0.3514370918273926,103.39192564040422
123,-0.910762719158053,-222.14189190672204,0.35007867217063904,103.74200431257486
124,-0.8706995236367903,-223.01259143035884,0.34860697388648987,104.09061128646135
125,-2.4400947971644205,-225.45268622752326,0.9524089097976685,105.04302019625902
126,-10.779090708143848,-236.2317769356671,5.020469665527344,110.06348986178637
127,-2.382027911838357,-238.61380484750546,1.1296727657318115,111.19316262751818
128,0.0,-238.61380484750546,0.0,111.19316262751818
129,-9.37393010070664,-247.9877349482121,4.173412322998047,115.36657495051622
130,0.0,-247.9877349482121,0.0,115.36657495051622
131,0.0,-247.9877349482121,0.0,115.36657495051622
132,0.0,-247.9877349482121,0.0,115.36657495051622
133,0.0,-247.9877349482121,0.0,115.36657495051622
134,0.0,-247.9877349482121,0.0,115.36657495051622
135,-0.21476106345916104,-248.20249601167126,0.13185594975948334,115.49843090027571
136,0.0,-248.20249601167126,0.0,115.49843090027571
137,-3.426437922137666,-251.62893393380892,1.7877622842788696,117.28619318455458
138,-2.0607499493512442,-253.68968388316017,0.918773353099823,118.2049665376544
139,-2.9808811744460098,-256.67056505760615,1.6380316019058228,119.84299813956022
140,-17.125144301406667,-273.79570935901285,7.694016456604004,127.53701459616423
141,-1.6833962829221796,-275.479105641935,0.7798219323158264,128.31683652848005
142,-3.151348446592624,-278.63045408852764,1.448914885520935,129.765751414001
143,-0.807549452512196,-279.43800354103985,0.3560788035392761,130.12183021754026
144,-0.804890540063559,-280.24289408110343,0.35421058535575867,130.47604080289602
145,-1.3566512816315595,-281.599545362735,0.5866090059280396,131.06264980882406
146,-0.8286669088888705,-282.42821227162386,0.33876895904541016,131.40141876786947
147,-0.8088447431997187,-283.23705701482356,0.3348560631275177,131.736274830997
148,-0.8833180655852175,-284.1203750804088,0.34860697388648987,132.08488180488348
149,-0.8630253336608007,-284.9834004140696,0.3450120687484741,132.42989387363195
150,-2.6822477738027373,-287.6656481878723,1.2575488090515137,133.68744268268347
151,-0.8248663859641379,-288.49051457383644,0.3870762586593628,134.07451894134283
152,-3.778730317580766,-292.2692448914172,1.4906659126281738,135.565184853971
153,0.0,-292.2692448914172,0.0,135.565184853971
154,0.0,-292.2692448914172,0.0,135.565184853971
155,-10.038658025939913,-302.3079029173571,4.530760765075684,140.0959456190467
156,0.0,-302.3079029173571,0.0,140.0959456190467
157,0.0,-302.3079029173571,0.0,140.0959456190467
158,-2.6670014053546462,-304.9749043227118,1.3053959608078003,141.4013415798545
159,0.0,-304.9749043227118,0.0,141.4013415798545
160,-0.07814651641491678,-305.0530508391267,0.03444037213921547,141.4357819519937
161,-3.280559384836003,-308.3336102239627,1.4606693983078003,142.8964513503015
162,-2.4802265543430626,-310.81383677830576,1.0783368349075317,143.97478818520904
163,-1.5270268232748854,-312.3408636015806,0.6995631456375122,144.67435133084655
164,-3.1061200037873955,-315.446983605368,1.4313558340072632,146.1057071648538
165,-1.168731242466538,-316.61571484783457,0.5447744131088257,146.65048157796264
166,-3.044489768937895,-319.6602046167725,1.3878989219665527,148.0383804999292
167,-3.170635994817735,-322.83084061159025,1.383483648300171,149.42186414822936
168,-3.1892637153177934,-326.02010432690804,1.3816155195236206,150.80347966775298
169,-0.8055622870535216,-326.8256666139616,0.3527388870716095,151.1562185548246
170,-0.8343866615725897,-327.66005327553415,0.3514370918273926,151.50765564665198
171,-0.8566819802320158,-328.51673525576615,0.35007867217063904,151.85773431882262
172,-0.8914695264039665,-329.4082047821701,0.34860697388648987,152.2063412927091
173,-7.66504753626723,-337.07325231843737,2.916538715362549,155.12288000807166
174,-0.9889809638814654,-338.06223328231886,0.384336918592453,155.5072169266641
175,-0.3364527383522035,-338.39868602067105,0.1516353189945221,155.65885224565864
176,-2.573681859972953,-340.972367880644,1.1688817739486694,156.8277340196073
177,0.0,-340.972367880644,0.0,156.8277340196073
178,0.0,-340.972367880644,0.0,156.8277340196073
179,0.0,-340.972367880644,0.0,156.8277340196073
180,-1.649964923057208,-342.6223328037012,0.9123975038528442,157.74013152346015
181,0.0,-342.6223328037012,0.0,157.74013152346015
182,0.0,-342.6223328037012,0.0,157.74013152346015
183,0.0,-342.6223328037012,0.0,157.74013152346015
184,0.0,-342.6223328037012,0.0,157.74013152346015
185,-9.875895072836647,-352.4982278765379,4.227433204650879,161.96756472811103
186,0.0,-352.4982278765379,0.0,161.96756472811103
187,0.0,-352.4982278765379,0.0,161.96756472811103
188,-1.8098055380678488,-354.30803341460575,0.8329641819000244,162.80052891001105
189,-1.1998922535278589,-355.5079256681336,0.5447744131088257,163.34530332311988
190,-0.7014332163721824,-356.20935888450583,0.3604939579963684,163.70579728111625
191,-0.6765355740414065,-356.8858944585472,0.3560788035392761,164.06187608465552
192,-4.012737733614957,-360.8986321921622,1.6981639862060547,165.76004007086158
193,-0.8076283067050232,-361.7062604988672,0.34507817029953003,166.1051182411611
194,-0.8525704548647525,-362.55883095373196,0.3514370918273926,166.4565553329885
195,-0.8852221525987565,-363.4440531063307,0.35007867217063904,166.80663400515914
196,-0.8986778417776577,-364.3427309481084,0.34860697388648987,167.15524097904563
197,-0.9160966863447755,-365.25882763445316,0.3487769067287445,167.50401788577437
198,-3.0755781114525007,-368.33440574590566,1.1771295070648193,168.6811473928392
199,-5.645065643412181,-373.97947138931784,2.1527442932128906,170.83389168605208
200,-8.969500262022665,-382.9489716513405,3.451751947402954,174.28564363345504
201,0.0,-382.9489716513405,0.0,174.28564363345504
202,0.0,-382.9489716513405,0.0,174.28564363345504
203,0.0,-382.9489716513405,0.0,174.28564363345504
204,0.0,-382.9489716513405,0.0,174.28564363345504
205,0.0,-382.9489716513405,0.0,174.28564363345504
206,-1.0413873945747962,-383.9903590459153,0.487641304731369,174.7732849381864
207,-0.3826343278643492,-384.37299337377965,0.1957930475473404,174.96907798573375
208,-9.886039518087726,-394.2590328918674,3.980720281600952,178.9497982673347
209,0.0,-394.2590328918674,0.0,178.9497982673347
210,0.0,-394.2590328918674,0.0,178.9497982673347
211,-1.8819736886829295,-396.1410065805503,0.9786856770515442,179.92848394438624
212,-1.2746597769874672,-397.41566635753776,0.6004615426063538,180.5289454869926
213,-1.4119228470768235,-398.8275892046146,0.6352518796920776,181.16419736668468
214,-3.479343319809398,-402.306932524424,1.509930968284607,182.67412833496928
215,-3.363136716420362,-405.6700692408443,1.4212967157363892,184.09542505070567
216,-0.8380049827712905,-406.5080742236156,0.3568393290042877,184.45226437970996
217,-16.63171273763592,-423.1397869612515,6.627538681030273,191.07980306074023
218,-1.4538596039735845,-424.5936465652251,0.5692089200019836,191.64901198074222
219,0.0,-424.5936465652251,0.0,191.64901198074222
220,0.0,-424.5936465652251,0.0,191.64901198074222
221,-4.493076551304011,-429.0867231165291,1.7208960056304932,193.3699079863727
222,-0.8277443535012026,-429.9144674700303,0.30128347873687744,193.6711914651096
223,-0.1546352985221963,-430.06910276855245,0.057517584413290024,193.72870904952288
224,0.0,-430.06910276855245,0.0,193.72870904952288
225,0.0,-430.06910276855245,0.0,193.72870904952288
226,0.0,-430.06910276855245,0.0,193.72870904952288
227,-5.338403274742813,-435.40750604329526,2.93005108833313,196.658760137856
228,0.0,-435.40750604329526,0.0,196.658760137856
229,0.0,-435.40750604329526,0.0,196.658760137856
230,-0.029840401348703277,-435.43734644464394,0.011390730738639832,196.67015086859465
231,0.0,-435.43734644464394,0.0,196.67015086859465
232,-8.318055537555303,-443.75540198219926,4.113112926483154,200.7832637950778
233,-0.16126064317720365,-443.9166626253765,0.07977397739887238,200.86303777247667
234,-2.559823576034137,-446.47648620141064,1.3207228183746338,202.1837605908513
235,-3.592491055809751,-450.0689772572204,1.8830899000167847,204.0668504908681
236,-2.2462812094062774,-452.3152584666267,1.1676297187805176,205.2344802096486
237,-1.122180393882644,-453.43743886050936,0.6075669527053833,205.842047162354
238,-1.969387973538839,-455.4068268340482,1.028313398361206,206.8703605607152
239,-0.7104608979839023,-456.11728773203214,0.3560788035392761,207.22643936425447
240,-0.8416776501936738,-456.9589653822258,0.35421058535575867,207.58064994961023
241,-3.426669130529596,-460.3856345127554,1.3801437616348267,208.96079371124506
242,-0.8730886626579017,-461.2587231754133,0.3514370918273926,209.31223080307245
243,-0.8778056440497551,-462.1365288194631,0.35007867217063904,209.6623094752431
244,-0.895849509430688,-463.03237832889374,0.3357362449169159,209.99804572016
245,-0.7789446487247688,-463.8113229776185,0.3468944728374481,210.34494019299746
246,-0.7741949591676454,-464.5855179367861,0.3362347483634949,210.68117494136095
247,-3.9476302352301977,-468.5331481720163,2.1625139713287354,212.8436889126897
248,-1.4853450964064905,-470.0184932684228,0.7994797825813293,213.64316869527102
249,0.0,-470.0184932684228,0.0,213.64316869527102
250,0.0,-470.0184932684228,0.0,213.64316869527102
251,-5.758427927572772,-475.77692119599556,3.2633156776428223,216.90648437291384
252,0.0,-475.77692119599556,0.0,216.90648437291384
253,0.0,-475.77692119599556,0.0,216.90648437291384
254,-8.790833806082446,-484.567755002078,5.203329086303711,222.10981345921755
255,-2.1279007770066984,-486.6956557790847,1.232638955116272,223.34245241433382
256,-0.3141737916936677,-487.0098295707784,0.19316093623638153,223.5356133505702
257,-0.9834285626109097,-487.9932581333893,0.5760786533355713,224.11169200390577
258,-3.7054726342246567,-491.69873076761394,1.8640313148498535,225.97572331875563
259,-0.9501069244015488,-492.6488376920155,0.5181800127029419,226.49390333145857
260,-2.742788782569505,-495.391626474585,1.4743767976760864,227.96828012913465
261,-0.7156640974823176,-496.1072905720673,0.3636639416217804,228.33194407075644
262,-3.1500426750280286,-499.25733324709535,1.3878989219665527,229.719842992723
263,-4.459876645679742,-503.7172098927751,1.8421448469161987,231.5619878396392
264,-3.3684792621802444,-507.08568915495533,1.3816155195236206,232.9436033591628
265,-0.8414611380718952,-507.92715029302724,0.3527388870716095,233.29634224623442
266,-0.8946880039145224,-508.82183829694173,0.3514370918273926,233.6477793380618
267,-0.9083695597151271,-509.7302078566569,0.35007867217063904,233.99785801023245
268,-0.919965623877306,-510.6501734805342,0.34860697388648987,234.34646498411894
269,-0.896448033588797,-511.546621514123,0.3468944728374481,234.6933594569564
270,-0.7354888168962134,-512.2821103310192,0.3350120782852173,235.0283715352416
271,-0.24423653114180155,-512.5263468621611,0.11037639528512955,235.13874793052673
272,0.0,-512.5263468621611,0.0,235.13874793052673
273,0.0,-512.5263468621611,0.0,235.13874793052673
274,-0.031057347920310605,-512.5574042100814,0.017429426312446594,235.15617735683918
275,-0.014656435340439434,-512.5720606454217,0.008054452948272228,235.16423180978745
276,0.0,-512.5720606454217,0.0,235.16423180978745
277,-0.005972658963608051,-512.5780333043854,0.0036181253381073475,235.16784993512556
278,0.0,-512.5780333043854,0.0,235.16784993512556
279,-2.054677157851544,-514.6327104622369,1.1855446100234985,236.35339454514906
280,-8.708655354463795,-523.3413658167007,5.212719917297363,241.56611446244642
281,-2.107720891987837,-525.4490867086885,0.9082015156745911,242.474315978121
282,-2.550015614585603,-527.9991023232741,1.3047536611557007,243.7790696392767
283,-2.5310380390039127,-530.530140362278,1.331661581993103,245.11073122126982
284,-2.2041475531441166,-532.7342879154221,1.1457839012145996,246.25651512248442
285,-1.572177746058761,-534.3064656614808,0.6824634075164795,246.9389785300009
286,-1.1595587332063588,-535.4660243946872,0.588736891746521,247.52771542174742
287,-3.110703230608154,-538.5767276252953,1.383483648300171,248.9111990700476
288,-3.292451056545057,-541.8691786818404,1.3816155195236206,250.2928145895712
289,-0.8512957290607118,-542.720474410901,0.3527388870716095,250.64555347664282
290,-0.8500416897857217,-543.5705161006867,0.3514370918273926,250.9969905684702
291,-0.8721071711344431,-544.4426232718212,0.35007867217063904,251.34706924064085
292,-0.8852833361945841,-545.3279066080157,0.34860697388648987,251.69567621452734
293,-0.8667272150092098,-546.1946338230249,0.3487769067287445,252.04445312125608
294,-0.652806685545814,-546.8474405085707,0.3086540102958679,252.35310713155195
295,-0.08987970947901285,-546.9373202180496,0.052045077085494995,252.40515220863745
296,0.0,-546.9373202180496,0.0,252.40515220863745
297,0.0,-546.9373202180496,0.0,252.40515220863745
298,0.0,-546.9373202180496,0.0,252.40515220863745
299,0.0,-546.9373202180496,0.0,252.40515220863745
300,0.0,-546.9373202180496,0.0,252.40515220863745
301,-1.933524627515241,-548.8708448455649,0.894882082939148,253.3000342915766
302,-2.0881050979554443,-550.9589499435203,1.022587776184082,254.32262206776068
303,-10.514368789213767,-561.4733187327341,4.321187973022461,258.64381004078314
304,-1.3180705560932893,-562.7913892888274,0.5642350912094116,259.20804513199255
305,0.0,-562.7913892888274,0.0,259.20804513199255
306,-0.9783448545220418,-563.7697341433494,0.43507087230682373,259.6431160042994
307,-3.650844130419629,-567.420578273769,1.6135226488113403,261.2566386531107
308,-2.747053370002459,-570.1676316437715,1.2238845825195312,262.48052323563024
309,-3.3650941142896196,-573.5327257580611,1.4816241264343262,263.96214736206457
310,-3.3194792323646656,-576.8522049904258,1.448914885520935,265.4110622475855
311,-1.9014290202044017,-578.7536340106302,0.8293225765228271,266.24038482410833
312,-0.8326246089140569,-579.5862586195443,0.35421058535575867,266.5945954094641
313,-0.8402474868426453,-580.4265061063869,0.3527388870716095,266.9473342965357
314,-0.8350240745813381,-581.2615301809683,0.3514370918273926,267.2987713883631
315,-0.8527263454881563,-582.1142565264564,0.35007867217063904,267.64885006053373
316,-0.9047754719499381,-583.0190319984064,0.34860697388648987,267.9974570344202
317,-0.8388101815716216,-583.857842179978,0.3468944728374481,268.34435150725767
318,-1.9850994148341214,-585.8429415948121,0.773635745048523,269.1179872523062
319,-12.365128925925818,-598.2080705207379,4.637402534484863,273.75538978679106
320,0.0,-598.2080705207379,0.0,273.75538978679106
321,0.0,-598.2080705207379,0.0,273.75538978679106
322,0.0,-598.2080705207379,0.0,273.75538978679106
323,0.0,-598.2080705207379,0.0,273.75538978679106
324,-2.1650046751098215,-600.3730751958477,1.2137436866760254,274.9691334734671
325,-2.319064545202006,-602.6921397410497,1.071484088897705,276.0406175623648
326,0.0,-602.6921397410497,0.0,276.0406175623648
327,-8.37523934402937,-611.0673790850791,3.4803478717803955,279.5209654341452
328,-1.7291404136942712,-612.7965194987734,0.7059035897254944,280.2268690238707
329,0.0,-612.7965194987734,0.0,280.2268690238707
330,0.0,-612.7965194987734,0.0,280.2268690238707
331,-1.5889473696748608,-614.3854668684482,0.702794075012207,280.9296630988829
332,-1.4112242199864986,-615.7966910884347,0.6107575297355652,281.54042062861845
333,-3.5318719588976517,-619.3285630473324,1.5721793174743652,283.1125999460928
334,-3.6058612389764444,-622.9344242863089,1.6140192747116089,284.7266192208044
335,-3.3000523572813414,-626.2344766435901,1.383483648300171,286.1101028691046
336,-3.237178465847137,-629.4716551094373,1.3816155195236206,287.4917183886282
337,-0.8825977468854717,-630.3542528563228,0.3527388870716095,287.8444572756998
338,-3.4435643776941336,-633.7978172340169,1.3788419961929321,289.22329927189276
339,-0.9245568841820291,-634.7223741181989,0.35007867217063904,289.5733779440634
340,-3.5877748594635706,-638.3101489776625,1.412024736404419,290.9854026804678
341,-0.9012869276321567,-639.2114359052946,0.3450120687484741,291.3304147492163
342,-0.5784795278906169,-639.7899154331852,0.3177548944950104,291.6481696437113
343,-7.5661888964200905,-647.3561043296053,4.2193827629089355,295.86755240662023
344,-1.2105399560788024,-648.5666442856841,0.6695652604103088,296.53711766703054
345,0.0,-648.5666442856841,0.0,296.53711766703054
346,0.0,-648.5666442856841,0.0,296.53711766703054
347,0.0,-648.5666442856841,0.0,296.53711766703054
348,0.0,-648.5666442856841,0.0,296.53711766703054
349,-2.060354092142613,-650.6269983778267,0.964963436126709,297.50208110315725
350,-2.6395026558659653,-653.2665010336926,1.0005970001220703,298.5026781032793
351,-7.4008856069106805,-660.6673866406034,3.3995490074157715,301.9022271106951
352,0.0,-660.6673866406034,0.0,301.9022271106951
353,-2.3327644633207227,-663.000151103924,1.1732442378997803,303.0754713485949
354,-1.1406215714756855,-664.1407726753997,0.5882323384284973,303.66370368702337
355,-1.2907130212221696,-665.4314856966218,0.5922967791557312,304.2560004661791
356,-1.356148421250873,-666.7876341178727,0.6107575297355652,304.86675799591467
357,-5.135122477577897,-671.9227565954506,2.3350934982299805,307.20185149414465
358,-3.443432036202557,-675.3661886316531,1.448914885520935,308.6507663796656
359,-3.3122079718435016,-678.6783966034966,1.383483648300171,310.03425002796575
360,-0.8441281516664372,-679.522524755163,0.35421058535575867,310.3884606133215
361,-3.3476414367674128,-682.8701661919304,1.3801437616348267,311.76860437495634
362,-0.8591204259514199,-683.7292866178818,0.3514370918273926,312.12004146678373
363,-0.8797292256933286,-684.6090158435752,0.35007867217063904,312.47012013895437
364,-0.8477210654172722,-685.4567369089925,0.3357362449169159,312.8058563838713
365,-0.8974921659944736,-686.354229074987,0.3468944728374481,313.15275085670874
366,-0.8917027568727065,-687.2459318318597,0.34379640221595764,313.4965472589247
367,-4.964260994466713,-692.2101928263264,1.8698327541351318,315.3663800130598
368,-2.367550774423156,-694.5777436007496,0.8935371041297913,316.2599171171896
369,-0.3274625575252231,-694.9052061582748,0.14676064252853394,316.40667775971815
370,0.0,-694.9052061582748,0.0,316.40667775971815
371,0.0,-694.9052061582748,0.0,316.40667775971815
372,-21.158822151408547,-716.0640283096834,7.799671649932861,324.206349409651
373,-4.688225272350807,-720.7522535820342,1.8218241930007935,326.0281736026518
374,0.0,-720.7522535820342,0.0,326.0281736026518
375,-4.930134822610852,-725.682388404645,1.9713531732559204,327.9995267759077
376,-3.374868780201905,-729.057257184847,1.4593178033828735,329.4588445792906
377,0.0,-729.057257184847,0.0,329.4588445792906
378,-1.759034058923286,-730.8162912437703,0.7898897528648376,330.24873433215544
379,-2.285862412106409,-733.1021536558767,0.9985082149505615,331.247242547106
380,-3.590717333074266,-736.692870988951,1.52295982837677,332.77020237548277
381,-2.257485108639215,-738.9503560975902,0.9929230809211731,333.76312545640394
382,-3.413840354367305,-742.3641964519575,1.509930968284607,335.27305642468855
383,-3.3226059528431806,-745.6868024048007,1.383483648300171,336.6565400729887
384,-0.8580540840457331,-746.5448564888464,0.35421058535575867,337.0107506583445
385,-0.8682069091261383,-747.4130633979726,0.3527388870716095,337.3634895454161
386,-0.9042739704660827,-748.3173373684386,0.3514370918273926,337.7149266372435
387,-0.856832465876738,-749.1741698343154,0.35007867217063904,338.0650053094141
388,-0.8924341907168126,-750.0666040250322,0.34860697388648987,338.4136122833006
389,-0.8787047213225112,-750.9453087463547,0.3487769067287445,338.76238919002935
390,-0.7822286741819576,-751.7275374205367,0.30403462052345276,339.0664238105528
391,-0.34249130742876355,-752.0700287279655,0.12697218358516693,339.193395994138
392,-0.6913578821147591,-752.7613866100802,0.25774627923965454,339.4511422733776
393,-1.9740485469418103,-754.735435157022,0.7502322793006897,340.2013745526783
394,-1.3336057014741185,-756.0690408584961,0.49159470200538635,340.6929692546837
395,0.0,-756.0690408584961,0.0,340.6929692546837
396,-15.644352059840456,-771.7133929183366,7.44801139831543,348.14098065299913
397,-4.1674749093211325,-775.8808678276578,1.9899197816848755,350.130900434684
398,-3.5279588831415363,-779.4088267107993,1.69318425655365,351.82408469123766
399,-1.2988420673965417,-780.7076687781959,0.6481359601020813,352.47222065133974
400,-2.1441152125286562,-782.8517839907245,0.9426003694534302,353.41482102079317
401,-0.4441935502137085,-783.2959775409382,0.20092672109603882,353.6157477418892
402,-1.0745149488176746,-784.3704924897559,0.5019849538803101,354.1177326957695
403,-1.8554296263830263,-786.2259221161389,0.8840000033378601,355.0017326991074
404,-2.1463903614797726,-788.3723124776187,0.9750229120254517,355.97675561113283
405,-1.1943958974475095,-789.5667083750662,0.5447744131088257,356.52153002424166
406,-1.071810656863022,-790.6385190319293,0.48252609372138977,357.00405611796305
407,-0.8423744714700547,-791.4808935033993,0.37498530745506287,357.3790414254181
408,-0.812734949419962,-792.2936284528193,0.3568393290042877,357.7358807544224
409,-0.8016911314478725,-793.0953195842673,0.34507817029953003,358.0809589247219
410,-0.7997788005582378,-793.8950983848255,0.33876895904541016,358.41972788376734
411,-0.8455355971230385,-794.7406339819485,0.35007867217063904,358.769806555938
412,-0.8681721305094698,-795.608806112458,0.34860697388648987,359.11841352982447
413,-7.230094816390314,-802.8389009288483,3.0323939323425293,362.150807462167
414,-1.5305669743817134,-804.36946790323,0.967478334903717,363.1182857970707
415,-0.2390067745867114,-804.6084746778167,0.14348652958869934,363.2617723266594
416,0.0,-804.6084746778167,0.0,363.2617723266594
417,-6.057721158227424,-810.6661958360442,3.798335075378418,367.06010740203783
418,-1.7215318596596414,-812.3877276957038,1.0771563053131104,368.13726370735094
419,-0.5527259698488195,-812.9404536655526,0.3552931845188141,368.49255689186975
420,0.0,-812.9404536655526,0.0,368.49255689186975
421,-4.76718747106967,-817.7076411366222,3.225623846054077,371.71818073792383
422,-2.6730933943877973,-820.38073453101,2.329958200454712,374.04813893837854
423,-2.790602462442818,-823.1713369934529,2.50459623336792,376.55273517174646
424,-3.2471252156885684,-826.4184622091415,2.9525139331817627,379.5052491049282
425,-2.0293814035374456,-828.4478436126789,1.4855352640151978,380.9907843689434
426,-1.835592999493906,-830.2834366121727,1.3657957315444946,382.3565801004879
427,-7.257965389486935,-837.5414020016597,5.494703769683838,387.85128387017176
428,-1.1818073207102164,-838.7232093223698,0.6107575297355652,388.4620413999073
429,-6.332322280276669,-845.0555316026465,3.152406930923462,391.6144483308308
430,-1.074764538896852,-846.1302961415433,0.5435421466827393,392.1579904775135
431,-0.7809283334601901,-846.9112244750036,0.37498530745506287,392.5329757849686
432,-0.6936818322072138,-847.6049063072107,0.35421058535575867,392.88718637032434
433,-0.7325589019356812,-848.3374652091464,0.3527388870716095,393.23992525739595
434,-0.7489247944355327,-849.086390003582,0.3514370918273926,393.59136234922335
435,-2.6614746098836197,-851.7478646134656,1.2342115640640259,394.82557391328737
436,-0.6076622381211584,-852.3555268515868,0.34860697388648987,395.17418088717386
437,-0.6374815781888118,-852.9930084297756,0.3487769067287445,395.5229577939026
438,-0.6109998435388982,-853.6040082733145,0.3447021245956421,395.86765991849825
439,-0.3069064711576886,-853.9109147444723,0.216424360871315,396.08408427936956
440,-0.5325161863360771,-854.4434309308084,0.3642098307609558,396.4482941101305
441,-2.9705867878544723,-857.4140177186629,1.9996625185012817,398.4479566286318
442,-1.5670341948541402,-858.981051913517,0.8570280075073242,399.3049846361391
443,0.0,-858.981051913517,0.0,399.3049846361391
444,-0.4490578681723785,-859.4301097816895,0.31805720925331116,399.62304184539244
445,-1.3900699330283333,-860.8201797147178,0.9745731949806213,400.59761504037306
446,-2.0381609840614296,-862.8583406987792,1.5367783308029175,402.134393371176
447,-1.6707811455456978,-864.5291218443249,1.1591192483901978,403.2935126195662
448,-0.35762558353997065,-864.8867474278649,0.18129943311214447,403.4748120526783
449,-0.8134321132888771,-865.7001795411537,0.41424134373664856,403.88905339641497
450,-1.5548233466213333,-867.255002887775,0.7868546843528748,404.67590808076784
451,-3.4044024854789616,-870.659405373254,1.6971893310546875,406.3730974118225
452,-2.033596052266898,-872.693001425521,1.0530593395233154,407.42615675134584
453,-1.6493623580452548,-874.3423637835662,0.856479287147522,408.28263603849337
454,-1.3336409142633405,-875.6760046978295,0.6426564455032349,408.9252924839966
455,-1.109872537243632,-876.7858772350731,0.577232837677002,409.5025253216736
456,-0.7262155815512339,-877.5120928166244,0.35421058535575867,409.85673590702936
457,-3.038344234321016,-880.5504370509454,1.4537259340286255,411.310461841058
458,-0.7054315931072664,-881.2558686440527,0.3514370918273926,411.6618989328854
459,-0.7040562126989623,-881.9599248567517,0.35007867217063904,412.011977605056
460,-2.3034095440296367,-884.2633344007813,1.1220662593841553,413.1340438644402
461,-3.237053075264218,-887.5003874760456,1.5058200359344482,414.6398639003746
462,-0.891908062685161,-888.3922955387308,0.4037284255027771,415.0435923258774
463,-2.382132214764397,-890.7744277534952,1.5849545001983643,416.62854682607576
464,-1.298777714656679,-892.0732054681519,0.8859472870826721,417.51449411315843
465,0.0,-892.0732054681519,0.0,417.51449411315843
466,0.0,-892.0732054681519,0.0,417.51449411315843
467,-0.3733324285167612,-892.4465378966686,0.23606261610984802,417.7505567292683
468,0.0,-892.4465378966686,0.0,417.7505567292683
469,-0.8426903801775268,-893.2892282768461,0.5290369391441345,418.2795936684124
470,-0.8810752748807412,-894.1703035517268,0.5587925314903259,418.83838619990274
471,-2.6823450238522737,-896.852648575579,1.7501728534698486,420.5885590533726
472,-4.630301605076875,-901.4829501806558,3.045396089553833,423.6339551429264
473,-5.268614469517069,-906.7515646501729,3.4281580448150635,427.0621131877415
474,-0.7948173497399941,-907.5463819999129,0.434172123670578,427.49628531141207
475,-1.7624924459271407,-909.30887444584,0.8138371706008911,428.31012248201296
476,-1.6114333645418508,-910.9203078103819,0.7490856647491455,429.0592081467621
477,-3.453198242670563,-914.3735060530524,1.5551320314407349,430.61434017820284
478,-1.9052812635443617,-916.2787873165968,0.8619459867477417,431.4762861649506
479,-4.864780316849601,-921.1435676334464,2.2038090229034424,433.680095187854
480,-1.3408834015042432,-922.4844510349507,0.5761474967002869,434.2562426845543
481,-0.8151892161704609,-923.2996402511211,0.3527388870716095,434.6089815716259
482,-0.8324836136560312,-924.1321238647771,0.3514370918273926,434.9604186634533
483,-0.8432367000103322,-924.9753605647875,0.35007867217063904,435.31049733562395
484,-1.942181690931966,-926.9175422557195,0.7561901807785034,436.06668751640245
485,-0.7317780399862727,-927.6493202957057,0.3468944728374481,436.4135819892399
486,-0.5252076417619861,-928.1745279374677,0.3077986538410187,436.7213806430809
487,-0.12025112900185916,-928.2947790664696,0.06792356073856354,436.7893042038195
488,0.0,-928.2947790664696,0.0,436.7893042038195
489,0.0,-928.2947790664696,0.0,436.7893042038195
490,-5.987497957407109,-934.2822770238766,3.2889204025268555,440.07822460634634
491,-0.6038559261697429,-934.8861329500464,0.2585613429546356,440.336785949301
492,0.0,-934.8861329500464,0.0,440.336785949301
493,0.0,-934.8861329500464,0.0,440.336785949301
494,0.0,-934.8861329500464,0.0,440.336785949301
495,0.0,-934.8861329500464,0.0,440.336785949301
496,0.0,-934.8861329500464,0.0,440.336785949301
497,-0.04487767815052735,-934.931010628197,0.02223338931798935,440.35901933861896
498,-6.960274095940076,-941.8912847241371,3.070821762084961,443.4298411007039
499,-2.300602376525376,-944.1918871006625,1.0269628763198853,444.4568039770238
500,-1.060507566620987,-945.2523946672835,0.4469718635082245,444.90377584053203
501,-5.464974548744794,-950.7173692160283,2.358809471130371,447.2625853116624
502,-3.625758839878934,-954.3431280559072,1.607208013534546,448.86979332519695
503,-0.8470458235744767,-955.1901738794817,0.3560788035392761,449.2258721287362
504,-0.8457791770604539,-956.0359530565421,0.35421058535575867,449.580082714092
505,-16.637178045916517,-972.6731311024586,6.644983291625977,456.22506600571796
506,0.0,-972.6731311024586,0.0,456.22506600571796
507,0.0,-972.6731311024586,0.0,456.22506600571796
508,-0.8739147185028816,-973.5470458209614,0.32527875900268555,456.55034476472065
509,-5.229321614870059,-978.7763674358315,1.9565691947937012,458.50691395951435
510,-1.6556179817258492,-980.4319854175574,0.7452424764633179,459.25215643597767
511,-0.3674260732111634,-980.7994114907685,0.15855766832828522,459.41071410430595
512,-0.3859549507790679,-981.1853664415476,0.16519969701766968,459.5759138013236
513,0.0,-981.1853664415476,0.0,459.5759138013236
514,0.0,-981.1853664415476,0.0,459.5759138013236
515,-1.6581887114862182,-982.8435551530338,0.7456040382385254,460.32151783956215
516,-6.003397771092038,-988.8469529241258,3.3559365272521973,463.67745436681435
517,0.0,-988.8469529241258,0.0,463.67745436681435
518,0.0,-988.8469529241258,0.0,463.67745436681435
519,0.0,-988.8469529241258,0.0,463.67745436681435
520,-9.182041096958317,-998.0289940210841,3.7088420391082764,467.3862964059226
521,0.0,-998.0289940210841,0.0,467.3862964059226
522,0.0,-998.0289940210841,0.0,467.3862964059226
523,-1.3247741177911467,-999.3537681388752,0.5939352512359619,467.9802316571586
524,-2.8643557855544413,-1002.2181239244297,1.2557287216186523,469.23596037877724
525,-3.855267046834607,-1006.0733909712643,1.6626571416854858,470.8986175204627
526,-3.390406521032219,-1009.4637974922965,1.448914885520935,472.34753240598366
527,-0.8699668538229672,-1010.3337643461194,0.37498530745506287,472.7225177134387
528,-0.8367163158894793,-1011.1704806620089,0.35421058535575867,473.0767282987945
529,-0.8428275689547036,-1012.0133082309636,0.3527388870716095,473.4294671858661
530,-0.8894230476043579,-1012.902731278568,0.3514370918273926,473.7809042776935
531,-0.906424939260749,-1013.8091562178288,0.35007867217063904,474.1309829498641
532,-0.9235342185820629,-1014.7326904364108,0.34860697388648987,474.4795899237506
533,-0.8909227160376058,-1015.6236131524485,0.3487769067287445,474.82836683047935
534,-1.9208396074433038,-1017.5444527598918,0.7116307616233826,475.53999759210274
535,-0.2670114175500089,-1017.8114641774418,0.10145055502653122,475.64144814712927
536,0.0,-1017.8114641774418,0.0,475.64144814712927
537,-1.364590438283028,-1019.1760546157249,0.6008652448654175,476.2423133919947
538,-11.32235946873837,-1030.4984140844633,5.049230098724365,481.29154349071905
539,0.0,-1030.4984140844633,0.0,481.29154349071905
540,-2.8656683697871586,-1033.3640824542504,1.6074612140655518,482.8990047047846
541,0.0,-1033.3640824542504,0.0,482.8990047047846
542,-3.416411986992898,-1036.7804944412433,1.5716594457626343,484.47066415054724
543,-12.650786849561337,-1049.4312812908047,6.1500139236450195,490.62067807419226
544,0.0,-1049.4312812908047,0.0,490.62067807419226
545,-0.3005137377818784,-1049.7317950285865,0.15528148412704468,490.7759595583193
546,-1.0133997444937848,-1050.7451947730804,0.538820743560791,491.3147803018801
547,-2.841953350577387,-1053.5871481236577,1.247894525527954,492.56267482740805
548,-2.9414998065876343,-1056.5286479302454,1.317481517791748,493.8801563451998
549,-4.723285142056799,-1061.251933072302,2.091506004333496,495.9716623495333
550,-3.2907480060751824,-1064.5426810783772,1.448914885520935,497.4205772350542
551,-3.2201127027530374,-1067.7627937811303,1.383483648300171,498.8040608833544
552,-3.2882852132041385,-1071.0510789943344,1.3816155195236206,500.185676402878
553,-0.8540639361680178,-1071.9051429305023,0.3527388870716095,500.5384152899496
554,-0.8340949182964702,-1072.7392378487987,0.33876895904541016,500.87718424899504
555,-0.915769258360018,-1073.6550071071588,0.35007867217063904,501.2272629211657
556,-0.8630202356264136,-1074.5180273427852,0.34860697388648987,501.57586989505216
557,-0.8875914165987182,-1075.405618759384,0.3487769067287445,501.9246468017809
558,-0.8697971890108761,-1076.2754159483948,0.33445003628730774,502.2590968380682
559,-0.11578602257028124,-1076.391201970965,0.053132280707359314,502.3122291187756
560,0.0,-1076.391201970965,0.0,502.3122291187756
561,0.0,-1076.391201970965,0.0,502.3122291187756
562,0.0,-1076.391201970965,0.0,502.3122291187756
563,-5.317922655346236,-1081.7091246263112,3.073873519897461,505.38610263867304
564,-15.513947833354905,-1097.2230724596661,7.224095344543457,512.6101979832165
565,-8.392271122418302,-1105.6153435820845,3.9918696880340576,516.6020676712506
566,-2.043214899123514,-1107.658558481208,0.9999797344207764,517.6020474056713
567,-0.5819140597426061,-1108.2404725409506,0.2916604280471802,517.8937078337185
568,-1.4789788814573435,-1109.719451422408,0.7722449898719788,518.6659528235905
569,-2.0103194580008563,-1111.7297708804088,0.9289909601211548,519.5949437837116
570,-0.9509284847546098,-1112.6806993651633,0.41911715269088745,520.0140609364025
571,-1.301936782382927,-1113.9826361475461,0.5895199179649353,520.6035808543675
572,-1.2961653766278725,-1115.278801524174,0.6107575297355652,521.214338384103
573,-1.667993285636241,-1116.9467948098102,0.7614763379096985,521.9758147220127
574,-4.425572804422904,-1121.372367614233,2.038153886795044,524.0139686088078
575,-0.8567347443122628,-1122.2291023585453,0.37498530745506287,524.3889539162628
576,-3.240934060651489,-1125.4700364191967,1.3842442035675049,525.7731981198303
577,-0.8088295686810625,-1126.278865987878,0.3527388870716095,526.125937006902
578,-0.8327099951452017,-1127.1115759830232,0.3514370918273926,526.4773740987293
579,-0.8309214259464738,-1127.9424974089695,0.35007867217063904,526.8274527709
580,-0.8212535029214678,-1128.763750911891,0.34860697388648987,527.1760597447865
581,-7.837496320911061,-1136.601247232802,3.3222358226776123,530.4982955674641
582,-2.2567218891791376,-1138.8579691219811,1.3316127061843872,531.8299082736485
583,-1.9104212953901423,-1140.7683904173712,1.1802514791488647,533.0101597527973
584,0.0,-1140.7683904173712,0.0,533.0101597527973
585,0.0,-1140.7683904173712,0.0,533.0101597527973
586,-7.761447909161385,-1148.5298383265326,4.427065372467041,537.4372251252644
587,-0.3752588703539743,-1148.9050971968866,0.21772730350494385,537.6549524287693
588,-0.17001350264448356,-1149.075110699531,0.10214995592832565,537.7571023846976
589,-0.43901992819173186,-1149.5141306277228,0.20959551632404327,537.9666979010217
590,-0.5121974690589999,-1150.0263280967818,0.24066291749477386,538.2073608185165
591,0.0,-1150.0263280967818,0.0,538.2073608185165
592,-0.08150157609260707,-1150.1078296728745,0.05079980567097664,538.2581606241874
593,0.0,-1150.1078296728745,0.0,538.2581606241874
594,-0.48137056434723036,-1150.5892002372216,0.30708345770835876,538.5652440818958
595,-4.338443272296824,-1154.9276435095185,2.3147993087768555,540.8800433906727
596,-1.4030442226021516,-1156.3306877321206,0.6107575297355652,541.4908009204082
597,-3.516322105528707,-1159.8470098376492,1.539839744567871,543.0306406649761
598,-3.454499487714429,-1163.3015093253637,1.5008540153503418,544.5314946803264
599,-3.2316609084359698,-1166.5331702337996,1.383483648300171,545.9149783286266
600,-3.3094842746171107,-1169.8426545084167,1.3816155195236206,547.2965938481502
601,-0.8397367370678921,-1170.6823912454845,0.3527388870716095,547.6493327352218
602,-0.8182181411321228,-1171.5006093866166,0.3514370918273926,548.0007698270492
603,-1.8906342693548215,-1173.3912436559715,0.7576619386672974,548.7584317657165
604,-3.2923727696595355,-1176.683616425631,1.347259283065796,550.1056910487823
605,-2.405326283126711,-1179.0889427087577,0.9380737543106079,551.0437648030929
606,-2.312424871319733,-1181.4013675800775,1.0610169172286987,552.1047817203216
607,-1.6467417296442666,-1183.0481093097217,0.759421706199646,552.8642034265213
608,0.0,-1183.0481093097217,0.0,552.8642034265213
609,0.0,-1183.0481093097217,0.0,552.8642034265213
610,0.0,-1183.0481093097217,0.0,552.8642034265213
611,-2.1835269972507376,-1185.2316363069724,1.2003366947174072,554.0645401212387
612,0.0,-1185.2316363069724,0.0,554.0645401212387
613,0.0,-1185.2316363069724,0.0,554.0645401212387
614,0.0,-1185.2316363069724,0.0,554.0645401212387
615,0.0,-1185.2316363069724,0.0,554.0645401212387
616,0.0,-1185.2316363069724,0.0,554.0645401212387
617,-11.525867868435489,-1196.7575041754078,4.61890983581543,558.6834499570541
618,0.0,-1196.7575041754078,0.0,558.6834499570541
619,0.0,-1196.7575041754078,0.0,558.6834499570541
620,-3.208401804756431,-1199.9659059801643,1.3786656856536865,560.0621156427078
621,-3.3660919185387534,-1203.331997898703,1.4816241264343262,561.5437397691421
622,-3.3939068008257665,-1206.7259046995289,1.448914885520935,562.992654654663
623,-3.1794524064327483,-1209.9053571059617,1.383483648300171,564.3761383029632
624,-0.8796406227830478,-1210.7849977287447,0.35421058535575867,564.730348888319
625,-0.8433058069805611,-1211.6283035357253,0.3527388870716095,565.0830877753906
626,-0.8956596506718388,-1212.5239631863972,0.3514370918273926,565.434524867218
627,-0.8641995209971034,-1213.3881627073943,0.319633424282074,565.7541582915001
628,-0.9383494747746227,-1214.326512182169,0.34860697388648987,566.1027652653866
629,-0.9048211592722718,-1215.231333341441,0.3487769067287445,566.4515421721153
630,-0.7867508100244094,-1216.0180841514655,0.34246259927749634,566.7940047713928
631,-0.8710759080422954,-1216.8891600595077,0.3763113021850586,567.1703160735779
632,-0.9504369231088049,-1217.8395969826165,0.6536623239517212,567.8239783975296
633,0.0,-1217.8395969826165,0.0,567.8239783975296
634,0.0,-1217.8395969826165,0.0,567.8239783975296
635,-9.849191882785362,-1227.6887888654019,5.118192195892334,572.9421705934219
636,0.0,-1227.6887888654019,0.0,572.9421705934219
637,0.0,-1227.6887888654019,0.0,572.9421705934219
638,0.0,-1227.6887888654019,0.0,572.9421705934219
639,0.0,-1227.6887888654019,0.0,572.9421705934219
640,0.0,-1227.6887888654019,0.0,572.9421705934219
641,-11.21042637293828,-1238.89921523834,4.5179219245910645,577.460092518013
642,0.0,-1238.89921523834,0.0,577.460092518013
643,-0.044452559441138344,-1238.9436677977812,0.0231187604367733,577.4832112784497
644,-1.927378056711821,-1240.871045854493,0.8370969295501709,578.3203082079999
645,-11.629535829007182,-1252.5005816835003,5.1602864265441895,583.4805946345441
646,-3.522120377279316,-1256.0227020607797,1.448914885520935,584.929509520065
647,-3.3566811815162665,-1259.379383242296,1.383483648300171,586.3129931683652
648,-0.8522466987096645,-1260.2316299410056,0.35421058535575867,586.667203753721
649,-17.085386040105096,-1277.3170159811107,6.6350579261779785,593.302261679899
650,0.0,-1277.3170159811107,0.0,593.302261679899
651,0.0,-1277.3170159811107,0.0,593.302261679899
652,-0.9036563814502188,-1278.220672362561,0.3380813002586365,593.6403429801576
653,-6.5016474099465995,-1284.7223197725075,2.3951399326324463,596.03548291279
654,-6.298747594469811,-1291.0210673669774,2.7056221961975098,598.7411051089875
655,-2.7189586069309826,-1293.7400259739084,1.1488118171691895,599.8899169261567
656,0.0,-1293.7400259739084,0.0,599.8899169261567
657,0.0,-1293.7400259739084,0.0,599.8899169261567
658,0.0,-1293.7400259739084,0.0,599.8899169261567
659,-1.523785638453247,-1295.2638116123617,0.7826697826385498,600.6725867087953
660,-0.2388779057289649,-1295.5026895180906,0.12692871689796448,600.7995154256932
661,0.0,-1295.5026895180906,0.0,600.7995154256932
662,-1.3081556834001276,-1296.8108452014908,0.7364920973777771,601.536007523071
663,0.0,-1296.8108452014908,0.0,601.536007523071
664,-0.018567270107862004,-1296.8294124715987,0.00890298467129469,601.5449105077423
665,0.0,-1296.8294124715987,0.0,601.5449105077423
666,-0.9579218344514516,-1297.7873343060503,0.40967029333114624,601.9545808010735
667,-4.994797937165883,-1302.7821322432162,2.1317942142486572,604.0863750153221
668,-1.7103013108179919,-1304.4924335540343,0.7031154632568359,604.789490478579
669,-18.718474433718438,-1323.2109079877528,8.05491828918457,612.8444087677635
670,-5.010542482793282,-1328.221450470546,2.4763197898864746,615.32072855765
671,-2.832503931679139,-1331.0539544022251,1.4023902416229248,616.7231187992729
672,-11.282880044348317,-1342.3368344465734,5.612919807434082,622.336038606707
673,0.0,-1342.3368344465734,0.0,622.336038606707
674,-0.4782124997389019,-1342.8150469463123,0.18578672409057617,622.5218253307976
675,-0.9208192693925241,-1343.7358662157048,0.339569628238678,622.8613949590363
676,-0.9577468811892913,-1344.693613096894,0.34860697388648987,623.2100019329228
677,-0.9510450692767468,-1345.6446581661708,0.3487769067287445,623.5587788396515
678,-2.851223649846876,-1348.4958818160176,1.0169463157653809,624.5757251554169
679,-0.48293279084309687,-1348.9788146068606,0.21681378781795502,624.7925389432348
680,0.0,-1348.9788146068606,0.0,624.7925389432348
681,-0.7555162603261124,-1349.7343308671868,0.4022056460380554,625.1947445892729
682,0.0,-1349.7343308671868,0.0,625.1947445892729
683,-1.515624513208324,-1351.2499553803952,0.8160541653633118,626.0107987546362
684,0.0,-1351.2499553803952,0.0,626.0107987546362
685,-3.56287114180487,-1354.8128265222,1.9040032625198364,627.914802017156
686,0.0,-1354.8128265222,0.0,627.914802017156
687,0.0,-1354.8128265222,0.0,627.914802017156
688,-0.7341311564664315,-1355.5469576786666,0.4294658899307251,628.3442679070868
689,-4.794700103233958,-1360.3416577819005,2.3771557807922363,630.721423687879
690,-13.409687675522035,-1373.7513454574225,5.672680854797363,636.3941045426764
691,-2.5450923779132384,-1376.2964378353358,1.0972508192062378,637.4913553618826
692,0.0,-1376.2964378353358,0.0,637.4913553618826
693,-3.5124100231208706,-1379.8088478584566,1.4816241264343262,638.9729794883169
694,-0.24764745819699152,-1380.0564953166536,0.10393640398979187,639.0769158923067
695,-3.1749862460407257,-1383.2314815626944,1.35612952709198,640.4330454193987
696,-0.8724177824750523,-1384.1038993451693,0.35421058535575867,640.7872560047545
697,-0.8754110311836713,-1384.979310376353,0.3527388870716095,641.1399948918261
698,-0.8827412594480468,-1385.862051635801,0.3514370918273926,641.4914319836535
699,-0.9174984583073807,-1386.7795500941083,0.35007867217063904,641.8415106558241
700,-0.954928162176725,-1387.734478256285,0.34860697388648987,642.1901176297106
701,-0.9357890757550499,-1388.67026733204,0.3487769067287445,642.5388945364393
702,-3.531817365919854,-1392.20208469796,1.3382571935653687,643.8771517300047
703,-6.179015882918096,-1398.381100580878,2.3341193199157715,646.2112710499205
704,-2.1387410475150244,-1400.519841628393,0.7592211961746216,646.9704922460951
705,-4.443404061985893,-1404.9632456903787,1.9054900407791138,648.8759822868742
706,-2.79707057380975,-1407.7603162641885,1.2209644317626953,650.0969467186369
707,0.0,-1407.7603162641885,0.0,650.0969467186369
708,0.0,-1407.7603162641885,0.0,650.0969467186369
709,0.0,-1407.7603162641885,0.0,650.0969467186369
710,-9.164235843737636,-1416.9245521079263,3.6039884090423584,653.7009351276793
711,0.0,-1416.9245521079263,0.0,653.7009351276793
712,0.0,-1416.9245521079263,0.0,653.7009351276793
713,-0.42291117326304856,-1417.3474632811892,0.20622381567955017,653.9071589433588
714,-2.7265751360932575,-1420.0740384172825,1.3883280754089355,655.2954870187677
715,-4.542512791443687,-1424.6165512087262,2.915959596633911,658.2114466154017
716,-5.103182990203004,-1429.7197341989292,3.257312297821045,661.4687589132227
717,-3.013818039155149,-1432.7335522380845,1.5637325048446655,663.0324914180674
718,-0.8437395463380919,-1433.5772917844226,0.4215100109577179,663.4540014290251
