time_step,reward,all_rewards,grid_import_Building_1_kwh,grid_import_Building_2_kwh,grid_import_Building_3_kwh,grid_import_kwh,cumulative_grid_import_kwh
0,-14.094051361083984,-14.094051361083984,2.033644199371338,0.5619984865188599,1.689454197883606,4.285096883773804,4.285096883773804
1,-4.8242411613464355,-18.91829252243042,0.8462807536125183,0.18591776490211487,0.47319296002388,1.5053914785385132,5.790488362312317
2,-4.5262041091918945,-23.444496631622314,0.7249863147735596,0.18461598455905914,0.4455188810825348,1.3551211804151535,7.14560954272747
3,-4.52620792388916,-27.970704555511475,0.6327978372573853,0.1873515099287033,0.433448851108551,1.2535981982946396,8.39920774102211
4,-4.459650039672852,-32.430354595184326,0.6071555614471436,0.20223666727542877,0.4351603388786316,1.244552567601204,9.643760308623314
5,-6.376068115234375,-38.8064227104187,1.00062894821167,0.23087537288665771,0.49980950355529785,1.7313138246536255,11.37507413327694
6,-10.130254745483398,-48.9366774559021,1.607621669769287,0.24817126989364624,1.033126950263977,2.8889198899269104,14.26399402320385
7,-6.4550652503967285,-55.39174270629883,0.5342340469360352,0.3452141582965851,0.8840543627738953,1.7635025680065155,16.027496591210365
8,-35.9776611328125,-91.36940383911133,4.653266429901123,2.933849573135376,2.187143325805664,9.774259328842163,25.80175592005253
9,-12.280769348144531,-103.65017318725586,0.48263463377952576,0.6722479462623596,2.1317636966705322,3.2866462767124176,29.088402196764946
10,-7.254947662353516,-110.90512084960938,0.0,0.6334824562072754,1.284489393234253,1.5610186755657196,30.649420872330666
11,-9.097376823425293,-120.00249767303467,1.8172708749771118,0.6685148477554321,0.969410240650177,3.455195963382721,34.10461683571339
12,-7.339865684509277,-127.34236335754395,0.26597872376441956,0.9704316258430481,0.7307910919189453,1.967201441526413,36.0718182772398
13,-7.573084354400635,-134.91544771194458,0.0,0.0,2.1458687782287598,0.5722458958625793,36.64406417310238
14,0.0,-134.91544771194458,0.0,0.0,0.0,0.0,36.64406417310238
15,-32.15669631958008,-167.07214403152466,3.3655996322631836,4.297515869140625,1.6174429655075073,9.280558466911316,45.924622640013695
16,-4.674256324768066,-171.74640035629272,0.0,0.4465761184692383,0.9405831098556519,1.2175289392471313,47.142151579260826
17,0.0,-171.74640035629272,0.0,0.0,0.0,0.0,47.142151579260826
18,-1.423568844795227,-173.16996920108795,0.0,1.1873503923416138,0.0,0.0,47.142151579260826
19,-4.207764565944672,-177.37773376703262,1.066388487815857,0.0,0.3129066228866577,0.6951030492782593,47.837254628539085
20,-4.733915567398071,-182.1116493344307,0.5288646817207336,0.0,1.0705604553222656,0.48962122201919556,48.32687585055828
21,-10.463613510131836,-192.57526284456253,0.9365671873092651,0.3571918308734894,1.962751865386963,3.2565108835697174,51.583386734128
22,-7.591997146606445,-200.16725999116898,0.4215100109577179,0.19325745105743408,1.9681999683380127,2.5829674303531647,54.16635416448116
23,-7.834516525268555,-208.00177651643753,0.3560788035392761,0.18901224434375763,2.0369577407836914,2.582048788666725,56.74840295314789
24,-2.7751684188842773,-210.7769449353218,0.35421058535575867,0.18733283877372742,0.42208048701286316,0.9636239111423492,57.71202686429024
25,-3.285421371459961,-214.06236630678177,0.3527388870716095,0.17920845746994019,0.41900184750556946,0.9509491920471191,58.66297605633736
26,-3.210373878479004,-217.27274018526077,0.3514370918273926,0.16868312656879425,0.4166029393672943,0.9367231577634811,59.59969921410084
27,-6.200776100158691,-223.47351628541946,0.35007867217063904,0.1873515099287033,1.1875500679016113,1.7249802500009537,61.32467946410179
28,-7.072787284851074,-230.54630357027054,1.3546943664550781,0.20223666727542877,0.4351603388786316,1.9920913726091385,63.31677083671093
29,-7.9445695877075195,-238.49087315797806,1.3658525943756104,0.23087537288665771,0.49980950355529785,2.096537470817566,65.4133083075285
30,-7.51441764831543,-246.0052908062935,1.3301458358764648,0.24327263236045837,0.4589728116989136,2.032391279935837,67.44569958746433
31,-2.7104549407958984,-248.7157457470894,0.07796920090913773,0.19240280985832214,0.49188804626464844,0.7622600570321083,68.20795964449644
32,-3.776636481285095,-252.49238222837448,0.0,1.310782790184021,0.49013590812683105,1.4394199550151825,69.64737959951162
33,-2.8453439474105835,-255.33772617578506,0.0,1.2658371925354004,0.24809423089027405,1.0820964872837067,70.72947608679533
34,-1.5993257015943527,-256.9370518773794,0.06265433132648468,0.38181352615356445,0.0,0.4262383319437504,71.15571441873908
35,-2.003319263458252,-258.94037114083767,0.3224653899669647,0.2233913242816925,0.0,0.33093805611133575,71.48665247485042
36,-16.31215476989746,-275.25252591073513,4.797369956970215,0.0,0.0,4.304076500236988,75.7907289750874
37,-5.52745246887207,-280.7799783796072,1.7521350383758545,0.0,0.0,0.984929084777832,76.77565805986524
38,0.0,-280.7799783796072,0.0,0.0,0.0,0.0,76.77565805986524
39,-2.449450969696045,-283.22942934930325,0.0,0.7720916271209717,0.0,0.0,76.77565805986524
40,-3.3793015480041504,-286.6087308973074,0.447745680809021,0.19314506649971008,0.4880902171134949,1.128980964422226,77.90463902428746
41,-1.101184606552124,-287.7099155038595,0.0,0.0,0.3666064143180847,0.21085864678025246,78.11549767106771
42,-7.294329643249512,-295.00424514710903,1.109107494354248,0.2910788059234619,1.074630618095398,2.474816918373108,80.59031458944082
43,-4.84555721282959,-299.8498023599386,0.7583456039428711,0.21914196014404297,0.7263814806938171,1.7038690447807312,82.29418363422155
44,-8.508389472961426,-308.35819183290005,2.2908387184143066,0.20169100165367126,0.4507490396499634,2.9432787597179413,85.2374623939395
45,-4.206794261932373,-312.5649860948324,0.6353296637535095,0.19623863697052002,0.6992846727371216,1.5308529734611511,86.76831536740065
46,-4.197248458862305,-316.7622345536947,0.5435421466827393,0.19325745105743408,0.6922207474708557,1.429020345211029,88.19733571261168
47,-2.9074654579162598,-319.669700011611,0.37498530745506287,0.18901224434375763,0.4267451763153076,0.9907427281141281,89.1880784407258
48,-2.8448591232299805,-322.51455913484097,0.35421058535575867,0.18733283877372742,0.42208048701286316,0.9636239111423492,90.15170235186815
49,-2.8450098037719727,-325.35956893861294,0.3527388870716095,0.18591776490211487,0.41900184750556946,0.9576584994792938,91.10936085134745
50,-2.8349528312683105,-328.19452176988125,0.3514370918273926,0.18461598455905914,0.4166029393672943,0.952656015753746,92.06201686710119
51,-2.9438998699188232,-331.1384216398001,0.3348560631275177,0.1873515099287033,0.4188297688961029,0.9410373419523239,93.00305420905352
52,-3.097740888595581,-334.23616252839565,0.34860697388648987,0.20223666727542877,0.4351603388786316,0.9860039800405502,93.98905818909407
53,-3.319220542907715,-337.55538307130337,0.3487769067287445,0.23087537288665771,0.49980950355529785,1.0794617831707,95.06851997226477
54,-2.846980571746826,-340.4023636430502,0.30258339643478394,0.23897044360637665,0.4503684341907501,0.9919222742319107,96.06044224649668
55,-3.2731738090515137,-343.6755374521017,0.5197288393974304,0.2986651062965393,0.31038662791252136,1.128780573606491,97.18922282010317
56,-5.353233337402344,-349.02877078950405,0.794775664806366,0.2044009417295456,0.8659823536872864,1.865158960223198,99.05438178032637
57,-1.5919333696365356,-350.6207041591406,0.0,0.22833411395549774,0.42561206221580505,0.11358465254306793,99.16796643286943
58,-2.4493531957268715,-353.07005735486746,0.0,0.04807596653699875,0.7963051795959473,0.0,99.16796643286943
59,-27.811166763305664,-380.8812241181731,3.065584659576416,3.5271084308624268,2.455263614654541,9.047956705093384,108.21592313796282
60,-1.098743200302124,-381.97996731847525,0.0,0.3657621741294861,0.0,0.0,108.21592313796282
61,-20.26118278503418,-402.2411501035094,0.0,0.0,7.003236293792725,6.056027218699455,114.27195035666227
62,0.0,-402.2411501035094,0.0,0.0,0.0,0.0,114.27195035666227
63,-6.041750907897949,-408.2829010114074,1.561369776725769,0.0,0.5250566601753235,2.0728520723059773,116.34480242896825
64,-5.728785514831543,-414.0116865262389,0.9007319211959839,0.011278570629656315,1.2218209505081177,2.133831442333758,118.47863387130201
65,-2.922199249267578,-416.9338857755065,0.14395681023597717,0.21786905825138092,0.6827080249786377,1.0445338934659958,119.523167764768
66,-8.41932201385498,-425.3532077893615,0.9867361783981323,0.313500314950943,1.9659061431884766,3.266142636537552,122.78931040130556
67,-6.801466941833496,-432.154674731195,0.8331621885299683,0.35911455750465393,1.3219858407974243,2.5142625868320465,125.3035729881376
68,-5.74418306350708,-437.89885779470205,0.6107575297355652,0.36468249559402466,1.1637225151062012,2.139162540435791,127.4427355285734
69,-6.128868579864502,-444.02772637456656,0.6353296637535095,0.4478263854980469,1.1900190114974976,2.273175060749054,129.71591058932245
70,-3.1652672290802,-447.19299360364676,0.48252609372138977,0.19325745105743408,0.4359810948371887,1.1117646396160126,130.82767522893846
71,-3.890361785888672,-451.0833553895354,0.8712420463562012,0.18901224434375763,0.4267451763153076,1.4869994670152664,132.31467469595373
72,-2.6019937992095947,-453.685349188745,0.3594680726528168,0.18733283877372742,0.42208048701286316,0.9688813984394073,133.28355609439313
73,-2.4809770584106445,-456.16632624715567,0.3527388870716095,0.18591776490211487,0.41900184750556946,0.9576584994792938,134.24121459387243
74,-2.6305437088012695,-458.79686995595694,0.3514370918273926,0.18461598455905914,0.4166029393672943,0.952656015753746,135.19387060962617
75,-2.7125625610351562,-461.5094325169921,0.3348560631275177,0.1873515099287033,0.4188297688961029,0.9410373419523239,136.1349079515785
76,-2.8165695667266846,-464.3260020837188,0.34860697388648987,0.20223666727542877,0.4351603388786316,0.9860039800405502,137.12091193161905
77,-6.338490009307861,-470.66449209302664,1.3677350282669067,0.23087537288665771,0.5277521014213562,2.1263625025749207,139.24727443419397
78,-7.452118396759033,-478.11661048978567,0.3598918616771698,0.25422030687332153,1.9131399393081665,2.527252107858658,141.77452654205263
79,-4.453657627105713,-482.5702681168914,0.500566840171814,0.3611260652542114,0.6291292905807495,1.490822196006775,143.2653487380594
80,-5.98140287399292,-488.5516709908843,0.14558805525302887,0.36487680673599243,1.722813367843628,2.2332782298326492,145.49862696789205
81,-2.043353408575058,-490.59502439945936,0.0,0.37557753920555115,0.5333736538887024,0.7092030495405197,146.20783001743257
82,-3.6976966857910156,-494.2927210852504,0.10277063399553299,0.30680543184280396,0.9375355243682861,1.347111590206623,147.5549416076392
83,-0.667590856552124,-494.9603119418025,0.0,0.2927956283092499,0.24159787595272064,0.18402914702892303,147.73897075466812
84,-1.3274382054805756,-496.2877501472831,0.0,0.19740678369998932,0.8143599033355713,0.5244800001382828,148.2634507548064
85,-5.946443676948547,-502.2341938242316,0.0,3.292145252227783,1.485353946685791,4.674056299030781,152.93750705383718
86,-1.2560242414474487,-503.4902180656791,0.0,0.0,1.0298975706100464,0.0,152.93750705383718
87,0.0,-503.4902180656791,0.0,0.0,0.0,0.0,152.93750705383718
88,-0.5622481107711792,-504.05246617645025,0.0,0.18721885979175568,0.0,0.0,152.93750705383718
89,-6.7720420360565186,-510.82450821250677,0.9598867297172546,1.2953776121139526,0.0,1.8580096065998077,154.795516660437
90,-4.548575401306152,-515.3730836138129,0.398721843957901,0.29576143622398376,0.827755868434906,1.5222391486167908,156.31775580905378
91,-4.87147331237793,-520.2445569261909,0.5945645570755005,0.4842626452445984,0.7263814806938171,1.805208683013916,158.1229644920677
92,-5.83062219619751,-526.0751791223884,0.9364479184150696,0.36468249559402466,0.7606547474861145,2.0617851614952087,160.1847496535629
93,-4.969735145568848,-531.0449142679572,0.5447744131088257,0.3876185119152069,0.8165318369865417,1.7489247620105743,161.93367441557348
94,-5.714350700378418,-536.7592649683356,0.6589604616165161,0.3296126127243042,0.963146448135376,1.9517195224761963,163.88539393804967
95,-3.4869208335876465,-540.2461858019233,0.3560788035392761,0.3141602873802185,0.5265489816665649,1.1967880725860596,165.08218201063573
96,-3.056802272796631,-543.3029880747199,0.35421058535575867,0.18733283877372742,0.45272377133369446,0.9942671954631805,166.0764492060989
97,-56.85680389404297,-600.1597919687629,7.668660640716553,5.6391921043396,4.74627685546875,18.054129600524902,184.13057880662382
98,-36.2927131652832,-636.4525051340461,4.614767074584961,2.5924079418182373,4.370005130767822,11.57718014717102,195.70775895379484
99,0.0,-636.4525051340461,0.0,0.0,0.0,0.0,195.70775895379484
100,0.0,-636.4525051340461,0.0,0.0,0.0,0.0,195.70775895379484
101,-1.6792764067649841,-638.1317815408111,0.30639034509658813,0.19243235886096954,0.0,0.3597412258386612,196.0675001796335
102,-6.184310436248779,-644.3160919770598,1.0784878730773926,0.2409534454345703,0.45433443784713745,1.7737757563591003,197.8412759359926
103,-9.225531578063965,-653.5416235551238,1.406815528869629,1.11617112159729,0.3085762858390808,2.8315629363059998,200.6728388722986
104,-3.704408645629883,-657.2460322007537,0.26671406626701355,0.23807062208652496,1.4399466514587402,1.9447313398122787,202.61757021211088
105,-0.7969579696655273,-658.0429901704192,0.0,0.23039452731609344,0.0,0.0,202.61757021211088
106,0.0,-658.0429901704192,0.0,0.0,0.0,0.0,202.61757021211088
107,-0.7364419102668762,-658.7794320806861,0.0,0.5092339515686035,0.0,0.0,202.61757021211088
108,-0.4268420934677124,-659.2062741741538,0.0,0.0,0.11997632682323456,0.0,202.61757021211088
109,0.0,-659.2062741741538,0.0,0.0,0.0,0.0,202.61757021211088
110,0.0,-659.2062741741538,0.0,0.0,0.0,0.0,202.61757021211088
111,0.0,-659.2062741741538,0.0,0.0,0.0,0.0,202.61757021211088
112,0.0,-659.2062741741538,0.0,0.0,0.0,0.0,202.61757021211088
113,-3.8003299236297607,-663.0066040977836,0.8948801755905151,0.08385171741247177,0.6723393201828003,1.6510712131857872,204.26864142529666
114,-10.020462036132812,-673.0270661339164,0.37103885412216187,3.354234457015991,1.5570083856582642,5.282281696796417,209.55092312209308
115,-10.951925277709961,-683.9789914116263,0.7546690702438354,0.3744346499443054,2.9229397773742676,4.0520434975624084,213.6029666196555
116,-6.691334247589111,-690.6703256592155,0.4469718635082245,0.36468249559402466,1.5751867294311523,2.3868410885334015,215.9898077081889
117,-2.3547253608703613,-693.0250510200858,0.3636639416217804,0.0,0.4430446922779083,0.23799532651901245,216.2278030347079
118,-3.772886276245117,-696.7979372963309,0.5967347025871277,0.0,0.7095414996147156,0.0,216.2278030347079
119,-3.4186930656433105,-700.2166303619742,0.5923177599906921,0.1506112515926361,0.4267451763153076,1.1696741878986359,217.39747722260654
120,-3.0406880378723145,-703.2573183998466,0.35421058535575867,0.18733283877372742,0.42208048701286316,0.9636239111423492,218.3611011337489
121,-56.47999572753906,-759.7373141273856,7.664169788360596,5.638727188110352,4.748678207397461,18.051575183868408,236.4126763176173
122,0.0,-759.7373141273856,0.0,0.0,0.0,0.0,236.4126763176173
123,-24.274097442626953,-784.0114115700126,2.942974328994751,0.9753860831260681,3.1727969646453857,7.091157376766205,243.5038336943835
124,-3.183588981628418,-787.195000551641,0.33803486824035645,0.19552500545978546,0.4351603388786316,0.9687202125787735,244.47255390696228
125,-5.673851490020752,-792.8688520416617,0.9524089097976685,0.23087537288665771,0.49980950355529785,1.683093786239624,246.1556476932019
126,-44.44927978515625,-837.318131826818,5.020469665527344,0.29751452803611755,7.931743621826172,13.249727815389633,259.40537550859153
127,-3.332590103149414,-840.6507219299674,0.10226792097091675,0.28070199489593506,0.628534197807312,1.0115041136741638,260.4168796222657
128,-2.5654971599578857,-843.2162190899253,0.0,0.26006796956062317,0.4669853746891022,0.5076160728931427,260.92449569515884
129,-16.22561264038086,-859.4418317303061,4.173412322998047,0.13157224655151367,0.39724376797676086,4.702228337526321,265.62672403268516
130,-0.5412030220031738,-859.9830347523093,0.0,0.10908318310976028,0.10659606009721756,0.0,265.62672403268516
131,-0.015448495745658875,-859.998483248055,0.0,0.010712550953030586,0.0,0.0,265.62672403268516
132,-10.191672340035439,-870.1901555880904,2.919153928756714,0.11713474243879318,0.0,2.433777265250683,268.06050129793584
133,0.0,-870.1901555880904,0.0,0.0,0.0,0.0,268.06050129793584
134,0.0,-870.1901555880904,0.0,0.0,0.0,0.0,268.06050129793584
135,0.0,-870.1901555880904,0.0,0.0,0.0,0.0,268.06050129793584
136,0.0,-870.1901555880904,0.0,0.0,0.0,0.0,268.06050129793584
137,-5.792818635702133,-875.9829742237926,1.7877622842788696,0.0,0.14659564197063446,1.9155850186944008,269.97608631663024
138,-5.915594577789307,-881.8985688015819,0.918773353099823,0.2831476926803589,0.8025283813476562,2.004449427127838,271.9805357437581
139,-7.3456573486328125,-889.2442261502147,1.6380316019058228,0.21908357739448547,0.7262647151947021,2.5833798944950104,274.5639156382531
140,-29.95431900024414,-919.1985451504588,7.694016456604004,0.20169100165367126,2.332322120666504,10.228029578924179,284.7919452171773
141,-5.091653347015381,-924.2901984974742,0.7798219323158264,0.19623863697052002,0.8165318369865417,1.7925924062728882,286.58453762345016
142,-3.0070369243621826,-927.2972354218364,0.4215100109577179,0.19325745105743408,0.4359810948371887,1.0507485568523407,287.6352861803025
143,-2.9000301361083984,-930.1972655579448,0.3560788035392761,0.18901224434375763,0.4267451763153076,0.9718362241983414,288.60712240450084
144,-2.8811721801757812,-933.0784377381206,0.35421058535575867,0.18733283877372742,0.42208048701286316,0.9636239111423492,289.5707463156432
145,-4.292893409729004,-937.3713311478496,0.5866090059280396,0.18591776490211487,0.6382042765617371,1.4107310473918915,290.9814773630351
146,-3.730933427810669,-941.1022645756602,0.33876895904541016,0.18461598455905914,0.6358053684234619,1.1591903120279312,292.140667675063
147,-3.61868953704834,-944.7209541127086,0.3348560631275177,0.1873515099287033,0.6163576245307922,1.1385651975870132,293.27923287265
148,-3.433516025543213,-948.1544701382518,0.34860697388648987,0.20223666727542877,0.4790008068084717,1.0298444479703903,294.3090773206204
149,-3.5405077934265137,-951.6949779316783,0.3450120687484741,0.23087537288665771,0.49980950355529785,1.0756969451904297,295.38477426581085
150,-11.320785522460938,-963.0157634541392,1.2575488090515137,0.8152798414230347,1.3240694999694824,3.3968981504440308,298.7816724162549
151,-5.52209997177124,-968.5378634259105,0.3870762586593628,1.332330346107483,0.738421618938446,2.4578282237052917,301.23950063996017
152,-7.71781063079834,-976.2556740567088,1.4906659126281738,1.2921829223632812,0.30634817481040955,3.0891970098018646,304.32869764976203
153,-0.2707245647907257,-976.5263986214995,0.0,0.19011560082435608,0.0,0.0,304.32869764976203
154,-0.4087340533733368,-976.9351326748729,0.0,0.2923145890235901,0.0,0.0,304.32869764976203
155,-15.685403823852539,-992.6205364987254,4.530760765075684,0.0,0.0,4.042316883802414,308.37101453356445
156,-24.73159122467041,-1017.3521277233958,4.0769548416137695,0.0,3.0687756538391113,7.003488898277283,315.37450343184173
157,-20.19961166381836,-1037.5517393872142,3.6183037757873535,0.0,2.4975826740264893,5.870654925704002,321.24515835754573
158,0.0,-1037.5517393872142,0.0,0.0,0.0,0.0,321.24515835754573
159,-8.265364646911621,-1045.8171040341258,2.6107282638549805,0.0,0.0,1.7912996709346771,323.0364580284804
160,-0.02116868831217289,-1045.838272722438,0.0,0.0,0.007090319879353046,0.0,323.0364580284804
161,-1.7521389722824097,-1047.5904116947204,0.0,0.0,0.5929064154624939,0.530776905361563,323.567234933842
162,-12.680742263793945,-1060.2711539585143,1.0677798986434937,3.360706090927124,1.7780084609985352,6.206494450569153,329.7737293844111
163,-5.885353088378906,-1066.1565070468932,0.6995631456375122,0.37429243326187134,1.1998350620269775,2.273690640926361,332.0474200253375
164,-7.143808126449585,-1073.3003151733428,1.4313558340072632,0.0,1.0705604553222656,1.911341369152069,333.95876139448956
165,-4.897022604942322,-1078.1973377782851,0.5447744131088257,0.0,1.1900190114974976,0.0,333.95876139448956
166,-2.745744228363037,-1080.9430820066482,0.3604939579963684,0.1548239290714264,0.4359810948371887,0.9512989819049835,334.91006037639454
167,-2.930568218231201,-1083.8736502248794,0.3560788035392761,0.18901224434375763,0.4267451763153076,0.9718362241983414,335.8818966005929
168,-2.926827907562256,-1086.8004781324416,0.35421058535575867,0.18733283877372742,0.42208048701286316,0.9636239111423492,336.84552051173523
169,-2.8776822090148926,-1089.6781603414565,0.3527388870716095,0.18591776490211487,0.41900184750556946,0.9576584994792938,337.8031790112145
170,-17.252342224121094,-1106.9305025655776,2.4062469005584717,1.3108779191970825,1.805453896522522,5.522578716278076,343.3257577274926
171,-3.0790469646453857,-1110.009549530223,0.35007867217063904,0.1873515099287033,0.4188297688961029,0.9562599509954453,344.28201767848805
172,-3.317687511444092,-1113.327237041667,0.34860697388648987,0.20223666727542877,0.4351603388786316,0.9860039800405502,345.2680216585286
173,-12.612346649169922,-1125.939583690837,2.916538715362549,0.23087537288665771,0.49980950355529785,3.6472235918045044,348.9152452503331
174,-5.9502363204956055,-1131.8898200113326,0.384336918592453,0.23963414132595062,1.133434534072876,1.7574055939912796,350.6726508443244
175,-5.719176292419434,-1137.608996303752,0.1516353189945221,0.7369452714920044,1.9026541709899902,2.7912347614765167,353.4638856058009
176,-8.044576644897461,-1145.6535729486495,1.1688817739486694,1.33600652217865,1.587520956993103,4.092409253120422,357.5562948589213
177,-0.2581995725631714,-1145.9117725212127,0.0,0.18657486140727997,0.0,0.0,357.5562948589213
178,-0.05513386055827141,-1145.966906381771,0.0,0.03914664313197136,0.0,0.0,357.5562948589213
179,-0.2648375928401947,-1146.2317439746112,0.0,0.19224512577056885,0.0,0.0,357.5562948589213
180,-10.318941116333008,-1156.5506850909442,2.967207193374634,0.0,0.0,2.30614822357893,359.86244308250025
181,0.0,-1156.5506850909442,0.0,0.0,0.0,0.0,359.86244308250025
182,0.0,-1156.5506850909442,0.0,0.0,0.0,0.0,359.86244308250025
183,-11.564593315124512,-1168.1152784060687,2.3648462295532227,0.0,1.1896275281906128,3.3882255405187607,363.250668623019
184,0.0,-1168.1152784060687,0.0,0.0,0.0,0.0,363.250668623019
185,-1.0858561992645264,-1169.2011346053332,0.0,0.0,0.3532533049583435,0.0,363.250668623019
186,-7.473232269287109,-1176.6743668746203,0.6709275245666504,3.3559772968292236,0.5785647034645081,4.605469524860382,367.8561381478794
187,-8.47447395324707,-1185.1488408278674,1.0584359169006348,0.35834044218063354,1.476647138595581,2.8934234976768494,370.74956164555624
188,-8.64612102508545,-1193.7949618529528,0.8434675931930542,0.36468249559402466,1.816180944442749,3.024331033229828,373.77389267878607
189,-5.38577127456665,-1199.1807331275195,0.5447744131088257,0.0,1.3136118650436401,0.8147379159927368,374.5886305947788
190,-4.688283324241638,-1203.8690164517611,0.3604939579963684,0.0,1.1815810203552246,0.41073161363601685,374.9993622084148
191,-3.6034469604492188,-1207.4724634122103,0.3560788035392761,0.18245363235473633,0.6752856969833374,1.2138181328773499,376.2131803412922
192,-3.980301856994629,-1211.452765269205,0.6707591414451599,0.18733283877372742,0.42208048701286316,1.2801724672317505,377.4933528085239
193,-55.9351806640625,-1267.3879459332675,7.655221462249756,5.76052188873291,4.747967720031738,18.163711071014404,395.6570638795383
194,0.0,-1267.3879459332675,0.0,0.0,0.0,0.0,395.6570638795383
195,-1.3865069150924683,-1268.77445284836,0.0,0.0,0.41672447323799133,0.0,395.6570638795383
196,-3.285946846008301,-1272.0603996943682,0.3380388021469116,0.19553855061531067,0.4351603388786316,0.9687376916408539,396.6258015711792
197,-3.7306735515594482,-1275.7910732459277,0.3487769067287445,0.23087537288665771,0.49980950355529785,1.0794617831707,397.7052633543499
198,-6.436459541320801,-1282.2275327872485,1.1771295070648193,0.24088947474956512,0.4542064964771271,1.8722254782915115,399.5774888326414
199,-3.1476693153381348,-1285.3752021025866,0.09793445467948914,0.3024880588054657,0.5118532776832581,0.9122757911682129,400.4897646238096
200,-6.502347946166992,-1291.8775500487536,1.3969422578811646,0.24484512209892273,0.25997012853622437,1.9017575085163116,402.3915221323259
201,-0.9814017117023468,-1292.858951760456,0.0,0.23515954613685608,0.05668264627456665,0.0,402.3915221323259
202,-0.39944927394390106,-1293.2584010343999,0.0,0.10197068750858307,0.011364126577973366,0.0,402.3915221323259
203,-1.0406112968921661,-1294.299012331292,0.0,0.1573142409324646,0.1374439299106598,0.0,402.3915221323259
204,-0.027664026245474815,-1294.3266763575375,0.0,0.008087906055152416,0.0,0.0,402.3915221323259
205,-16.521363250911236,-1310.8480396084487,0.0,0.025905432179570198,4.969289779663086,4.905768917873502,407.2972910501994
206,-4.502368688583374,-1315.3504082970321,0.487641304731369,0.0,0.8616608381271362,1.2482894361019135,408.54558048630133
207,-1.2497272491455078,-1316.6001355461776,0.1957930475473404,0.05972663313150406,0.1537490040063858,0.40926868468523026,408.95484917098656
208,-0.7603310793638229,-1317.3604666255414,0.0,0.04585401341319084,0.18682417273521423,0.0,408.95484917098656
209,-3.350452423095703,-1320.7109190486372,0.1961147040128708,0.1650208830833435,0.729783296585083,1.0909188836812973,410.04576805466786
210,-7.601405143737793,-1328.312324192375,0.3991195857524872,0.29596030712127686,1.8214954137802124,2.5165753066539764,412.56234336132184
211,-8.440715789794922,-1336.7530399821699,0.9786856770515442,0.3576768636703491,1.472878098487854,2.8092406392097473,415.3715840005316
212,-5.714801788330078,-1342.4678417705,0.6107575297355652,0.36468249559402466,1.0705604553222656,2.0460004806518555,417.41758448118344
213,-6.471818923950195,-1348.9396606944501,0.6353296637535095,0.3876185119152069,1.1900190114974976,2.212967187166214,419.63055166834965
214,-7.230381965637207,-1356.1700426600873,0.48252609372138977,0.9190770387649536,0.9831019043922424,2.384705036878586,422.01525670522824
215,-3.1435232162475586,-1359.313565876335,0.3938917815685272,0.18901224434375763,0.4267451763153076,1.0096492022275925,423.02490590745583
216,-2.9857330322265625,-1362.2992989085615,0.3568393290042877,0.18733283877372742,0.42208048701286316,0.9662526547908783,423.9911585622467
217,-3.1368496417999268,-1365.4361485503614,0.34507817029953003,0.18591776490211487,0.41900184750556946,0.9499977827072144,424.9411563449539
218,-3.9335241317749023,-1369.3696726821363,0.5692089200019836,0.18461598455905914,0.4166029393672943,1.170427843928337,426.11158418888226
219,-3.260927200317383,-1372.6305998824537,0.35007867217063904,0.1873515099287033,0.4188297688961029,0.9562599509954453,427.0678441398777
220,-3.4626259803771973,-1376.0932258628309,0.34860697388648987,0.20223666727542877,0.4351603388786316,0.9860039800405502,428.05384811991826
221,-8.458208084106445,-1384.5514339469373,1.7313987016677856,0.23087537288665771,0.49980950355529785,2.462083578109741,430.515931698028
222,-3.574042797088623,-1388.125476744026,0.30128347873687744,0.2383204847574234,0.44906851649284363,0.9886724799871445,431.50460417801514
223,-2.084174633026123,-1390.209651377052,0.057517584413290024,0.20612981915473938,0.3255213499069214,0.5891687534749508,432.0937729314901
224,-0.7508517801761627,-1390.9605031572282,0.0,0.1452266275882721,0.06963396817445755,0.0,432.0937729314901
225,-0.863484799861908,-1391.8239879570901,0.0,0.2449120432138443,0.0,0.0,432.0937729314901
226,-0.3737604320049286,-1392.197748389095,0.0,0.10591587424278259,0.0,0.0,432.0937729314901
227,0.0,-1392.197748389095,0.0,0.0,0.0,0.0,432.0937729314901
228,-0.1307019740343094,-1392.3284503631294,0.0,0.03794948011636734,0.0,0.0,432.0937729314901
229,-46.19242858886719,-1438.5208789519966,3.1056346893310547,10.43349552154541,0.0,12.931069552898407,445.0248424843885
230,0.0,-1438.5208789519966,0.0,0.0,0.0,0.0,445.0248424843885
231,0.0,-1438.5208789519966,0.0,0.0,0.0,0.0,445.0248424843885
232,-18.107304096221924,-1456.6281830482185,4.113112926483154,0.0,1.617255687713623,5.721469624899328,450.7463121092878
233,-2.027161121368408,-1458.655344169587,0.07977397739887238,0.14066290855407715,0.4213652014732361,0.6418020874261856,451.388114196714
234,-7.408292770385742,-1466.0636369399726,1.3207228183746338,0.5330559015274048,0.592465341091156,2.4462440609931946,453.8343582577072
235,-7.580609321594238,-1473.6442462615669,0.8556849360466003,0.3578053414821625,1.3295866250991821,2.543076902627945,456.37743516033515
236,-5.960945129394531,-1479.6051913909614,1.1676297187805176,0.36468249559402466,0.4507490396499634,1.9830612540245056,458.36049641435966
237,-6.09676456451416,-1485.7019559554756,0.6075669527053833,0.19623863697052002,1.3087632656097412,2.1125688552856445,460.4730652696453
238,-4.960129261016846,-1490.6620852164924,1.028313398361206,0.19325745105743408,0.4359810948371887,1.6575519442558289,462.13061721390113
239,-3.029752254486084,-1493.6918374709785,0.3560788035392761,0.18901224434375763,0.4267451763153076,0.9718362241983414,463.1024534380995
240,-3.012854814529419,-1496.704692285508,0.35421058535575867,0.18733283877372742,0.42208048701286316,0.9636239111423492,464.0660773492418
241,-3.1285629272460938,-1499.833255212754,0.3527388870716095,0.18591776490211487,0.41900184750556946,0.9576584994792938,465.0237358487211
242,-18.052570343017578,-1517.8858255557716,2.4062469005584717,1.3108779191970825,1.805453896522522,5.522578716278076,470.5463145649992
243,-3.154968738555908,-1521.0407942943275,0.35007867217063904,0.1873515099287033,0.4188297688961029,0.9562599509954453,471.50257451599464
244,-35.506046295166016,-1556.5468405894935,4.4453558921813965,2.4547605514526367,3.212862253189087,10.11297869682312,481.61555321281776
245,-3.8787927627563477,-1560.4256333522499,0.3468944728374481,0.23087537288665771,0.5277521014213562,1.105521947145462,482.7210751599632
246,-15.997716903686523,-1576.4233502559364,0.3362347483634949,0.24239176511764526,3.8679957389831543,4.446622252464294,487.1676974124275
247,-6.588138580322266,-1583.0114888362586,1.1351090669631958,0.21149376034736633,0.5300699472427368,1.876672774553299,489.0443701869808
248,-8.074949264526367,-1591.086438100785,0.7994797825813293,1.0725849866867065,0.38801226019859314,2.260077029466629,491.30444721644744
249,-1.9131535291671753,-1592.9995916299522,0.0,0.2862636148929596,0.7069616317749023,0.8315311819314957,492.13597839837894
250,0.0,-1592.9995916299522,0.0,0.0,0.0,0.0,492.13597839837894
251,0.0,-1592.9995916299522,0.0,0.0,0.0,0.0,492.13597839837894
252,0.0,-1592.9995916299522,0.0,0.0,0.0,0.0,492.13597839837894
253,-0.19821509718894958,-1593.1978067271411,0.0,0.14806900918483734,0.0,0.0,492.13597839837894
254,-16.90545082092285,-1610.103257548064,5.203329086303711,0.0,0.0,4.29238548874855,496.4283638871275
255,-11.90730357170105,-1622.010561119765,2.3824682235717773,0.0,1.2042831182479858,3.427830934524536,499.856194821652
256,0.0,-1622.010561119765,0.0,0.0,0.0,0.0,499.856194821652
257,-0.6530763478949666,-1622.66363746766,0.0,0.006998308934271336,0.19613340497016907,0.0,499.856194821652
258,-9.2486572265625,-1631.9122946942225,0.8261033296585083,3.3612864017486572,0.8069952130317688,4.994384944438934,504.85057976609096
259,-4.723809719085693,-1636.6361044133082,0.5181800127029419,0.37450841069221497,0.9808642864227295,1.8735527098178864,506.72413247590885
260,-5.123009920120239,-1641.7591143334284,0.4469718635082245,0.0,1.3154963254928589,1.0085950791835785,507.7327275550924
261,-25.88294792175293,-1667.6420622551814,0.3636639416217804,0.0,8.05386734008789,6.575367122888565,514.308094677981
262,-3.772671937942505,-1671.4147341931239,0.3604939579963684,0.19325745105743408,0.7095414996147156,1.263292908668518,515.5713875866495
263,-5.997563362121582,-1677.4122975552455,0.8147399425506592,0.1513829380273819,0.9166128635406494,1.8827357441186905,517.4541233307682
264,-3.0898022651672363,-1680.5020998204127,0.35421058535575867,0.1868671327829361,0.42208048701286316,0.9631582051515579,518.4172815359198
265,-3.005922317504883,-1683.5080221379176,0.3527388870716095,0.18591776490211487,0.41900184750556946,0.9576584994792938,519.374940035399
266,-3.1911447048187256,-1686.6991668427363,0.3514370918273926,0.18461598455905914,0.4166029393672943,0.952656015753746,520.3275960511528
267,-3.2648203372955322,-1689.9639871800318,0.35007867217063904,0.1873515099287033,0.4188297688961029,0.9562599509954453,521.2838560021482
268,-3.423738479614258,-1693.387725659646,0.34860697388648987,0.20223666727542877,0.4351603388786316,0.9860039800405502,522.2698599821888
269,-3.7590794563293457,-1697.1468051159754,0.3468944728374481,0.23087537288665771,0.5277521014213562,1.105521947145462,523.3753819293343
270,-3.5427770614624023,-1700.6895821774378,0.3350120782852173,0.24178043007850647,0.45598840713500977,1.0327809154987335,524.408162844833
271,-2.2454586029052734,-1702.9350407803431,0.11037639528512955,0.20860640704631805,0.33047452569007874,0.6494573280215263,525.0576201728545
272,-1.5514440536499023,-1704.486484833993,0.0,0.29079610109329224,0.15654651820659637,0.14290539920330048,525.2005255720578
273,-2.9534135162830353,-1707.439898350276,0.0,0.7553882002830505,0.11009092628955841,0.3784395009279251,525.5789650729857
274,-0.059725672006607056,-1707.4996240222827,0.017429426312446594,0.0,0.0,0.0,525.5789650729857
275,-0.02818545512855053,-1707.5278094774112,0.008054452948272228,0.0,0.0,0.0,525.5789650729857
276,-0.19074682891368866,-1707.718556306325,0.0,0.13605967164039612,0.0,0.0,525.5789650729857
277,0.0,-1707.718556306325,0.0,0.0,0.0,0.0,525.5789650729857
278,0.0,-1707.718556306325,0.0,0.0,0.0,0.0,525.5789650729857
279,-14.62185287475586,-1722.3404091810808,4.387125492095947,0.0,0.0,3.7454029470682144,529.324368020054
280,-21.594033241271973,-1743.9344424223527,5.366175174713135,0.0,1.3550794124603271,6.5643616914749146,535.8887297115289
281,-0.8152754902839661,-1744.7497179126367,0.0,0.266985148191452,0.0,0.0,535.8887297115289
282,-3.6510862708091736,-1748.4008041834459,0.0,0.27689045667648315,0.9187146425247192,0.4326634407043457,536.3213931522332
283,-15.969612121582031,-1764.370416305028,1.291174292564392,0.3581482172012329,3.7280430793762207,5.377365589141846,541.6987587413751
284,-14.247953414916992,-1778.618369719945,1.1457839012145996,0.36468249559402466,3.229710578918457,4.740176975727081,546.4389357171021
285,-16.074935913085938,-1794.6933056330308,0.6824634075164795,0.507914125919342,4.112854480743408,5.30323201417923,551.7421677312814
286,-28.04796600341797,-1822.7412716364488,0.588736891746521,0.3296126127243042,8.19566822052002,9.114017724990845,560.8561854562722
287,-5.038647174835205,-1827.779918811284,0.3560788035392761,0.18901224434375763,1.15802001953125,1.7031110674142838,562.5592965236865
288,-3.7823004722595215,-1831.5622192835435,0.35421058535575867,0.18733283877372742,0.6647070646286011,1.2062504887580872,563.7655470124446
289,-3.0410542488098145,-1834.6032735323533,0.3527388870716095,0.18591776490211487,0.41900184750556946,0.9576584994792938,564.7232055119239
290,-3.793996572494507,-1838.3972701048478,0.3514370918273926,0.42407429218292236,0.4166029393672943,1.1921143233776093,565.9153198353015
291,-3.1344876289367676,-1841.5317577337846,0.35007867217063904,0.1873515099287033,0.4188297688961029,0.9562599509954453,566.8715797862969
292,-3.2946650981903076,-1844.826422831975,0.34860697388648987,0.20223666727542877,0.4351603388786316,0.9860039800405502,567.8575837663375
293,-3.529623508453369,-1848.3560463404283,0.3487769067287445,0.23087537288665771,0.49980950355529785,1.0794617831707,568.9370455495082
294,-6.4859418869018555,-1854.8419882273301,0.3086540102958679,0.24200575053691864,1.4119789600372314,1.962638720870018,570.8996842703782
295,-1.6059417724609375,-1856.447929999791,0.052045077085494995,0.30349618196487427,0.32004883885383606,0.6755900979042053,571.5752743682824
296,-3.9757912158966064,-1860.4237212156877,0.0,1.2913697957992554,1.4982472658157349,2.4868484139442444,574.0621227822267
297,-0.22037240862846375,-1860.6440936243162,0.0,0.15505149960517883,0.0,0.0,574.0621227822267
298,-0.2613922171294689,-1860.9054858414456,0.0,0.018942054361104965,0.1592092216014862,0.0,574.0621227822267
299,-0.3102356791496277,-1861.2157215205953,0.0,0.2190306931734085,0.0,0.0,574.0621227822267
300,0.0,-1861.2157215205953,0.0,0.0,0.0,0.0,574.0621227822267
301,0.0,-1861.2157215205953,0.0,0.0,0.0,0.0,574.0621227822267
302,-9.818731307983398,-1871.0344528285787,3.077397584915161,0.0,0.0,2.184448927640915,576.2465717098676
303,-14.666819334030151,-1885.7012721626088,3.4131951332092285,0.0,1.1679023504257202,4.404572948813438,580.651144658681
304,-5.768121719360352,-1891.4693938819692,0.7176932692527771,0.0,1.158897042274475,1.7168073207139969,582.367951979395
305,0.0,-1891.4693938819692,0.0,0.0,0.0,0.0,582.367951979395
306,-0.8176512122154236,-1892.2870450941846,0.0,0.27634379267692566,0.0,0.0,582.367951979395
307,-10.202484130859375,-1902.489529225044,1.6135226488113403,0.35911455750465393,1.4542618989944458,3.42689910531044,585.7948510847054
308,-7.833512783050537,-1910.3230420080945,1.2238845825195312,0.6678882837295532,0.7606547474861145,2.652427613735199,588.4472786984406
309,-4.7704057693481445,-1915.0934477774426,0.41467589139938354,0.3876185119152069,0.7939879298210144,1.5962823331356049,590.0435610315762
310,-10.274616241455078,-1925.3680640188977,0.4209921360015869,1.2874383926391602,1.699981927871704,3.408412456512451,593.4519734880887
311,-5.823364734649658,-1931.1914287535474,0.8293225765228271,0.18901224434375763,0.9119924306869507,1.9303272515535355,595.3823007396422
312,-2.9804487228393555,-1934.1718774763867,0.35421058535575867,0.18733283877372742,0.42208048701286316,0.9636239111423492,596.3459246507846
313,-56.954978942871094,-1991.1268564192578,7.662399768829346,5.761317253112793,4.747809410095215,18.171526432037354,614.5174510828219
314,0.0,-1991.1268564192578,0.0,0.0,0.0,0.0,614.5174510828219
315,-1.3355768918991089,-1992.462433311157,0.0,0.0,0.4167143702507019,0.0,614.5174510828219
316,-3.308454990386963,-1995.770888301544,0.3380565047264099,0.1955830603837967,0.4351603388786316,0.9687999039888382,615.4862509868108
317,-3.4284825325012207,-1999.199370834045,0.3468944728374481,0.23087537288665771,0.49980950355529785,1.0775793492794037,616.5638303360902
318,-5.2076029777526855,-2004.4069738117978,0.773635745048523,0.30857521295547485,0.4602200984954834,1.5424310564994812,618.1062613925897
319,-11.99425220489502,-2016.4012260166928,2.5825929641723633,0.3204438388347626,0.515678882598877,3.418715685606003,621.5249770781957
320,-3.7944205850362778,-2020.195646601729,0.0,1.0635040998458862,0.07456785440444946,0.8004748225212097,622.3254519007169
321,-0.18792110681533813,-2020.3835677085444,0.0,0.13882970809936523,0.0,0.0,622.3254519007169
322,-0.4985199570655823,-2020.88208766561,0.0,0.34943366050720215,0.0,0.0,622.3254519007169
323,0.0,-2020.88208766561,0.0,0.0,0.0,0.0,622.3254519007169
324,-18.260583877563477,-2039.1426715431735,5.323363304138184,0.0,0.0,4.702109784819186,627.027561685536
325,-3.6235382556915283,-2042.766209798865,1.071484088897705,0.0,0.0,0.21067197620868683,627.2382336617447
326,0.0,-2042.766209798865,0.0,0.0,0.0,0.0,627.2382336617447
327,-11.445966720581055,-2054.212176519446,2.445263385772705,0.0,1.1695971488952637,3.4393240362405777,630.6775576979853
328,-3.0504939556121826,-2057.2626704750583,0.0,0.0,0.9464526772499084,0.45445235073566437,631.132010048721
329,-0.8162893056869507,-2058.078959780745,0.0,0.6834409832954407,0.0,0.0,631.132010048721
330,-3.902777671813965,-2061.981737452559,0.0,3.343559980392456,0.0,1.1307767629623413,632.2627868116833
331,-10.091887474060059,-2072.0736249266192,0.7432829141616821,0.5349542498588562,2.1141438484191895,3.392381012439728,635.655167824123
332,-10.223772048950195,-2082.2973969755694,0.6107575297355652,0.36468249559402466,2.3873331546783447,3.3627731800079346,639.017941004131
333,-2.0090138912200928,-2084.3064108667895,0.505236804485321,0.0,0.17442631721496582,0.0,639.017941004131
334,-4.3963446617126465,-2088.702755528502,0.5860965847969055,0.0,0.9094676971435547,0.3645421862602234,639.3824831903912
335,-5.303473949432373,-2094.0062294779345,0.3560788035392761,0.182467520236969,1.1512223482131958,1.689768671989441,641.0722518623807
336,-2.9707999229431152,-2096.9770294008777,0.35421058535575867,0.18733283877372742,0.42208048701286316,0.9636239111423492,642.035875773523
337,-59.42058181762695,-2156.3976112185046,7.662337303161621,5.6383514404296875,4.747809410095215,18.048498153686523,660.0843739272095
338,0.0,-2156.3976112185046,0.0,0.0,0.0,0.0,660.0843739272095
339,-1.4480801820755005,-2157.84569140058,0.0,0.0,0.4167141616344452,0.0,660.0843739272095
340,-6.794171333312988,-2164.639862733893,1.4014848470687866,0.1955583542585373,0.4351603388786316,2.0322035402059555,662.1165774674155
341,-3.6974740028381348,-2168.3373367367312,0.3450120687484741,0.23087537288665771,0.49980950355529785,1.0756969451904297,663.1922744126059
342,-4.30167293548584,-2172.639009672217,0.3177548944950104,0.31123512983322144,0.5997075438499451,1.2286975681781769,664.4209719807841
343,-7.804655075073242,-2180.4436647472903,0.10976297408342361,0.30840232968330383,1.8450653553009033,2.2632306590676308,666.6842026398517
344,-24.325782775878906,-2204.769447523169,0.6695652604103088,5.495115280151367,0.8318696022033691,6.996550142765045,673.6807527826168
345,-8.665383100509644,-2213.434830623679,0.0,2.043917655944824,0.3742046356201172,1.7496421933174133,675.4303949759342
346,-1.7508465051651,-2215.185677128844,0.0,0.5046385526657104,0.0,0.0,675.4303949759342
347,-1.4612977504730225,-2216.646974879317,0.0,1.0554454326629639,0.0,0.0,675.4303949759342
348,0.0,-2216.646974879317,0.0,0.0,0.0,0.0,675.4303949759342
349,0.0,-2216.646974879317,0.0,0.0,0.0,0.0,675.4303949759342
350,0.0,-2216.646974879317,0.0,0.0,0.0,0.0,675.4303949759342
351,-8.471854209899902,-2225.118829089217,2.4905548095703125,0.0,0.0,1.901681661605835,677.33207663754
352,0.0,-2225.118829089217,0.0,0.0,0.0,0.0,677.33207663754
353,-1.160049557685852,-2226.2788786469027,0.0,0.0,0.3733997941017151,0.02430232660844922,677.3563789641485
354,-8.785877227783203,-2235.064755874686,0.5777040123939514,3.3499293327331543,0.982153594493866,4.909786939620972,682.2661659037694
355,-4.933098793029785,-2239.9978546677157,0.5922967791557312,0.37328290939331055,0.9788442850112915,1.9444239735603333,684.2105898773298
356,-5.614547848701477,-2245.612402516417,0.6107575297355652,0.0,1.3109619617462158,1.3304712772369385,685.5410611545667
357,-10.2410249710083,-2255.8534274874255,2.3350934982299805,0.3876185119152069,0.8165318369865417,3.539243847131729,689.0803050016984
358,-3.536856174468994,-2259.3902836618945,0.4215100109577179,0.0,0.7095414996147156,0.0,689.0803050016984
359,-9.451143264770508,-2268.841426926665,0.3560788035392761,0.15060564875602722,2.493544101715088,3.0002285540103912,692.0805335557088
360,-3.0216264724731445,-2271.863053399138,0.35421058535575867,0.18733283877372742,0.42208048701286316,0.9636239111423492,693.0441574668512
361,-57.98267364501953,-2329.8457270441577,7.662633419036865,5.756546497344971,4.748406410217285,18.16758632659912,711.2117437934503
362,0.0,-2329.8457270441577,0.0,0.0,0.0,0.0,711.2117437934503
363,-1.377995252609253,-2331.223722296767,0.0,0.0,0.41675227880477905,0.0,711.2117437934503
364,-3.1243515014648438,-2334.348073798232,0.32521000504493713,0.180043026804924,0.4351603388786316,0.9404133707284927,712.1521571641788
365,-3.695115566253662,-2338.0431893644854,0.3468944728374481,0.238742396235466,0.49980950355529785,1.085446372628212,713.237603536807
366,-3.8203091621398926,-2341.8634985266253,0.34379640221595764,0.310851514339447,0.4647727310657501,1.1194206476211548,714.3570241844282
367,-8.917898178100586,-2350.781396704726,1.8698327541351318,0.3233182430267334,0.35969290137290955,2.552843898534775,716.9098680829629
368,-2.621978521347046,-2353.403375226073,0.0,0.3272620737552643,0.4248040020465851,0.6181982755661011,717.528066358529
369,-3.381405830383301,-2356.7847810564563,0.14676064252853394,0.42874759435653687,0.394387811422348,0.9698960483074188,718.4979624068365
370,-1.1090445518493652,-2357.8938256083056,0.0,0.16584628820419312,0.1391153484582901,0.0,718.4979624068365
371,-0.3057977855205536,-2358.199623393826,0.0,0.08802532404661179,0.0,0.0,718.4979624068365
372,-10.075749397277832,-2368.275372791104,2.5415303707122803,0.09124017506837845,0.19000130891799927,2.822771854698658,721.3207342615351
373,0.0,-2368.275372791104,0.0,0.0,0.0,0.0,721.3207342615351
374,-0.1256941258907318,-2368.4010669169948,0.0,0.03735210373997688,0.0,0.0,721.3207342615351
375,0.0,-2368.4010669169948,0.0,0.0,0.0,0.0,721.3207342615351
376,-9.408621311187744,-2377.8096882281825,2.581608533859253,0.0,0.5103422403335571,3.0602515302598476,724.380985791795
377,-5.478372573852539,-2383.288060802035,1.5050020217895508,0.11727970838546753,0.1846233606338501,1.8069050908088684,726.1878908826038
378,-5.547776699066162,-2388.835837501101,0.8175526261329651,0.2798459529876709,0.7959249019622803,1.8933234810829163,728.0812143636867
379,-8.47005844116211,-2397.3058959422633,0.9985082149505615,0.3572947680950165,1.4561080932617188,2.8119110763072968,730.893125439994
380,-11.404390335083008,-2408.7102862773463,1.52295982837677,0.36468249559402466,1.7885050773620605,3.6761474013328552,734.5692728413269
381,-8.530603408813477,-2417.24088968616,0.9929230809211731,0.6686283349990845,1.1900190114974976,2.851570427417755,737.4208432687446
382,-4.121204853057861,-2421.3620945392177,0.48252609372138977,0.19325745105743408,0.7095414996147156,1.3853250443935394,738.8061683131382
383,-3.0710315704345703,-2424.433126109652,0.3560788035392761,0.18901224434375763,0.4267451763153076,0.9718362241983414,739.7780045373365
384,-3.0714755058288574,-2427.504601615481,0.35421058535575867,0.18733283877372742,0.42208048701286316,0.9636239111423492,740.7416284484789
385,-3.1014657020568848,-2430.606067317538,0.3527388870716095,0.18591776490211487,0.41900184750556946,0.9576584994792938,741.6992869479582
386,-3.2253355979919434,-2433.83140291553,0.3514370918273926,0.18461598455905914,0.4166029393672943,0.952656015753746,742.6519429637119
387,-3.079587936401367,-2436.9109908519313,0.35007867217063904,0.1873515099287033,0.4188297688961029,0.9562599509954453,743.6082029147074
388,-3.8634114265441895,-2440.7744022784755,0.34860697388648987,0.36318257451057434,0.4351603388786316,1.1469498872756958,744.7551528019831
389,-3.697108507156372,-2444.471510785632,0.3487769067287445,0.238742396235466,0.5277521014213562,1.1152714043855667,745.8704242063686
390,-3.7917656898498535,-2448.2632764754817,0.30403462052345276,0.23969605565071106,0.7201549410820007,1.2638856172561646,747.1343098236248
391,-7.408987998962402,-2455.672264474444,0.12697218358516693,0.5816044211387634,1.3789477348327637,2.087524339556694,749.2218341631815
392,-5.302106857299805,-2460.974371331744,0.25774627923965454,0.35324275493621826,0.8912932872772217,1.5022823214530945,750.7241164846346
393,-4.489291787147522,-2465.4636631188914,0.0,0.43479281663894653,0.8618768453598022,1.0194970667362213,751.7436135513708
394,-5.568443179130554,-2471.032106298022,0.0,0.2749073803424835,1.2851017713546753,1.0241989195346832,752.7678124709055
395,-31.65155029296875,-2502.6836565909907,3.7531745433807373,2.4691715240478516,3.29518461227417,9.517530679702759,762.2853431506082
396,-23.521697998046875,-2526.2053545890376,5.3932013511657715,0.17484444379806519,1.5988550186157227,7.166900813579559,769.4522439641878
397,-1.1181968450546265,-2527.323551434092,0.0,0.1906745284795761,0.15103794634342194,0.2768224999308586,769.7290664641187
398,-0.2610858678817749,-2527.584637301974,0.0,0.0801943987607956,0.0,0.0,769.7290664641187
399,-2.4415770769119263,-2530.026214378886,0.6481359601020813,0.13162270188331604,0.0,0.646045058965683,770.3751115230843
400,-3.7422850131988525,-2533.768499392085,0.9426003694534302,0.13181371986865997,0.1759311854839325,1.2503452748060226,771.6254567978904
401,-3.735386371612549,-2537.5038857636973,0.20092672109603882,0.5062978267669678,0.5769218802452087,1.2841464281082153,772.9096032259986
402,-5.027982711791992,-2542.5318684754893,0.5019849538803101,0.4273751974105835,0.8558346629142761,1.7851948142051697,774.6947980402038
403,-6.449023246765137,-2548.9808917222545,0.8840000033378601,0.47447291016578674,0.9766800999641418,2.3351530134677887,777.0299510536715
404,-6.3017988204956055,-2555.28269054275,0.9750229120254517,0.20169100165367126,0.9989123344421387,2.1756262481212616,779.2055773017928
405,-6.8764424324035645,-2562.1591329751536,0.5447744131088257,0.784104585647583,1.0547893047332764,2.383668303489685,781.5892456052825
406,-5.338319778442383,-2567.497452753596,0.48252609372138977,0.19325745105743408,1.150721549987793,1.8265050947666168,783.4157507000491
407,-2.928452491760254,-2570.4259052453563,0.37498530745506287,0.18901224434375763,0.4267451763153076,0.9907427281141281,784.4064934281632
408,-4.317501068115234,-2574.7434063134715,0.3568393290042877,0.18733283877372742,0.8965155482292175,1.4406877160072327,785.8471811441705
409,-55.17271423339844,-2629.91612054687,7.6579742431640625,5.641690731048584,4.7491350173950195,18.048799991607666,803.8959811357781
410,0.0,-2629.91612054687,0.0,0.0,0.0,0.0,803.8959811357781
411,-1.3245831727981567,-2631.240703719668,0.0,0.0,0.4167989492416382,0.0,803.8959811357781
412,-3.174872636795044,-2634.415576356463,0.33811503648757935,0.19560497999191284,0.4351603388786316,0.9688803553581238,804.8648614911363
413,-11.805599212646484,-2646.2211755691096,3.0323939323425293,0.23087537288665771,0.49980950355529785,3.763078808784485,808.6279402999207
414,-9.563036918640137,-2655.7842124877498,0.967478334903717,1.4486463069915771,0.7271917462348938,3.143316388130188,811.7712566880509
415,-3.7657060623168945,-2659.5499185500666,0.14348652958869934,0.3252641260623932,0.7068252563476562,1.1755759119987488,812.9468326000497
416,-3.306751251220703,-2662.8566698012874,0.0,0.36970365047454834,1.7032126188278198,1.975112922489643,814.9219455225393
417,-5.0083131194114685,-2667.864982920699,0.0,1.5204766988754272,0.2812385559082031,1.490430772304535,816.4123762948439
418,-2.5078392028808594,-2670.3728221235797,0.04975142702460289,0.39060747623443604,0.938992440700531,1.37935134395957,817.7917276388034
419,-0.6752161979675293,-2671.048038321547,0.0,0.2256956547498703,0.0,0.0,817.7917276388034
420,-2.3622944355010986,-2673.4103327570483,0.0,0.8061240315437317,0.0,0.12510313093662262,817.91683076974
421,-10.534676551818848,-2683.945009308867,3.225623846054077,0.017452159896492958,1.1588166952133179,4.401892701163888,822.3187234709039
422,-3.8178117275238037,-2687.762821036391,2.44819712638855,0.018596366047859192,0.8330454230308533,3.2998389154672623,825.6185623863712
423,-0.23451194167137146,-2687.9973329780623,0.0,0.08419080823659897,0.0,0.0,825.6185623863712
424,-0.5359923839569092,-2688.5333253620192,0.0,0.19494475424289703,0.0,0.0,825.6185623863712
425,-1.2494041249155998,-2689.782729486935,0.44761669635772705,0.06991371512413025,0.0,0.173688143491745,825.7922505298629
426,-6.083495140075684,-2695.8662246270105,0.3383907973766327,3.492112874984741,0.6185441017150879,4.449047774076462,830.2412983039394
427,-7.965221881866455,-2703.831446508877,2.412489175796509,0.0,0.7231824994087219,2.063656747341156,832.3049550512806
428,-4.280693054199219,-2708.112139563076,0.6107575297355652,0.0,1.0705604553222656,0.7000021934509277,833.0049572447315
429,-11.497069358825684,-2719.609208921902,3.152406930923462,0.3809688985347748,0.8165318369865417,4.349907666444778,837.3548649111763
430,-3.051288604736328,-2722.660497526638,0.5435421466827393,0.19325745105743408,0.4359810948371887,1.172780692577362,838.5276456037536
431,-3.3648576736450195,-2726.0253552002832,0.37498530745506287,0.18901224434375763,0.6639602184295654,1.227957770228386,839.755603373982
432,-2.4830915927886963,-2728.508446793072,0.35421058535575867,0.18733283877372742,0.42208048701286316,0.9636239111423492,840.7192272851244
433,-2.6168947219848633,-2731.125341515057,0.3527388870716095,0.18591776490211487,0.41900184750556946,0.9576584994792938,841.6768857846037
434,-2.671241283416748,-2733.7965827984735,0.3514370918273926,0.18461598455905914,0.4166029393672943,0.952656015753746,842.6295418003574
435,-5.221912860870361,-2739.018495659344,1.2342115640640259,0.1873515099287033,0.4188297688961029,1.840392842888832,844.4699346432462
436,-2.6854982376098633,-2741.7039938969538,0.34860697388648987,0.20223666727542877,0.4351603388786316,0.9860039800405502,845.4559386232868
437,-3.082813262939453,-2744.786807159893,0.3487769067287445,0.23087537288665771,0.49980950355529785,1.0794617831707,846.5354004064575
438,-6.630056381225586,-2751.416863541119,0.3447021245956421,0.26002979278564453,1.789135217666626,2.3938671350479126,848.9292675415054
439,-19.64615821838379,-2771.0630217595026,0.216424360871315,6.503270149230957,0.48442813754081726,7.204122647643089,856.1333901891485
440,-7.146848678588867,-2778.2098704380915,0.3642098307609558,1.3781979084014893,0.7993655204772949,2.54177325963974,858.6751634487882
441,-7.419597625732422,-2785.629468063824,0.9722576141357422,1.4065701961517334,0.5458226203918457,2.9246504306793213,861.5998138794675
442,-12.158839225769043,-2797.788307289593,3.9392428398132324,0.38516879081726074,0.4064062833786011,4.730817914009094,866.3306317934766
443,-10.770991325378418,-2808.5592986149713,3.789047956466675,0.30769190192222595,0.27139046788215637,4.368130326271057,870.6987621197477
444,-5.057798385620117,-2813.6170970005915,0.31805720925331116,0.6301204562187195,2.286571979522705,3.2347496449947357,873.9335117647424
445,-7.303189158439636,-2820.920286159031,0.0,2.031580924987793,1.5773605108261108,3.5561097115278244,877.4896214762703
446,-16.255783081054688,-2837.176069240086,0.5093734264373779,5.668200492858887,0.49003463983535767,6.667608559131622,884.1572300354019
447,-1.25967538356781,-2838.4357446236536,0.1317143589258194,0.3180221915245056,0.011742970906198025,0.46147952135652304,884.6187095567584
448,-1.1837647557258606,-2839.6195093793795,0.18129943311214447,0.27478674054145813,0.0,0.0,884.6187095567584
449,-1.2789391726255417,-2840.898448552005,0.41424134373664856,0.20186926424503326,0.0,0.025874361395835876,884.6445839181542
450,-7.974616050720215,-2848.873064602725,0.7868546843528748,3.414051055908203,0.914688229560852,5.11559396982193,889.7601778879762
451,-6.7823591232299805,-2855.655423725955,1.6971893310546875,0.3729252517223358,0.7233487367630005,2.793463319540024,892.5536412075162
452,-6.076504468917847,-2861.731928194873,1.0530593395233154,0.0,1.3383591175079346,1.7997760772705078,894.3534172847867
453,-5.06763219833374,-2866.799560393207,0.856479287147522,0.0,1.1434723138809204,0.35015010833740234,894.7035673931241
454,-4.013019561767578,-2870.8125799549744,0.6426564455032349,0.15485629439353943,0.672174334526062,1.4696870744228363,896.1732544675469
455,-3.6157331466674805,-2874.428313101642,0.577232837677002,0.18901224434375763,0.6629379987716675,1.429183080792427,897.6024375483394
456,-4.816171646118164,-2879.24448474776,0.35421058535575867,0.30339986085891724,1.1276911497116089,1.7853015959262848,899.3877391442657
457,-6.308177471160889,-2885.552662218921,1.4537259340286255,0.18591776490211487,0.6541962623596191,2.2938399612903595,901.681579105556
458,-2.516111135482788,-2888.0687733544037,0.3514370918273926,0.18461598455905914,0.4166029393672943,0.952656015753746,902.6342351213098
459,-2.530486583709717,-2890.5992599381134,0.35007867217063904,0.1873515099287033,0.4188297688961029,0.9562599509954453,903.5904950723052
460,-4.705204963684082,-2895.3044649017975,1.1220662593841553,0.20223666727542877,0.4176623523235321,1.7419652789831161,905.3324603512883
461,-8.8607177734375,-2904.165182675235,1.5058200359344482,0.23087537288665771,1.3959107398986816,3.1326061487197876,908.4650665000081
462,-3.657681941986084,-2907.822864617221,0.4037284255027771,0.24932989478111267,0.6052549481391907,1.2583132684230804,909.7233797684312
463,-7.493182182312012,-2915.316046799533,1.5849545001983643,0.27039510011672974,1.8429028987884521,3.698252499103546,913.4216322675347
464,-4.240793228149414,-2919.5568400276825,0.8859472870826721,0.3925790786743164,0.5643388628959656,1.842865228652954,915.2644974961877
465,-1.9276813864707947,-2921.4845214141533,0.0,0.459551066160202,0.5145954489707947,0.896218940615654,916.1607164368033
466,-19.26424789428711,-2940.7487693084404,3.772153377532959,2.5766613483428955,0.2843433916568756,6.63315811753273,922.7938745543361
467,-26.334613800048828,-2967.083383108489,4.345682144165039,4.199367046356201,0.2845804989337921,8.829629689455032,931.6235042437911
468,-8.173499822616577,-2975.256882931106,0.0,5.044069290161133,1.6860688924789429,6.276027232408524,937.8995314761996
469,-0.3044544458389282,-2975.5613373769447,0.0,0.24847552180290222,0.0,0.0,937.8995314761996
470,-0.28011107444763184,-2975.8414484513924,0.0,0.05622013285756111,0.06989049911499023,0.0,937.8995314761996
471,0.0,-2975.8414484513924,0.0,0.0,0.0,0.0,937.8995314761996
472,-3.877761662006378,-2979.7192101133987,0.9905862808227539,0.0,0.3356439471244812,0.0,937.8995314761996
473,-8.007948875427246,-2987.727158988826,1.3733482360839844,0.09093531966209412,1.2997767925262451,2.7640603482723236,940.663591824472
474,-5.112484455108643,-2992.8396434439346,0.434172123670578,0.4899592995643616,0.8632060885429382,1.7873375117778778,942.4509293362498
475,-6.134060859680176,-2998.973704303615,0.8138371706008911,0.3586408793926239,0.9801647067070007,2.1526427567005157,944.6035720929503
476,-8.508516311645508,-3007.4822206152603,0.7490856647491455,0.48074960708618164,1.7761483192443848,3.005983591079712,947.60955568403
477,-14.23093032836914,-3021.7131509436294,1.5551320314407349,0.3876185119152069,2.927964210510254,4.870714753866196,952.4802704378963
478,-9.301079750061035,-3031.0142306936905,0.8619459867477417,0.3296126127243042,2.006363868713379,3.197922468185425,955.6781929060817
479,-9.090972900390625,-3040.105203594081,2.2038090229034424,0.23568828403949738,0.6904333233833313,3.129930630326271,958.808123536408
480,-3.630509376525879,-3043.735712970607,0.5761474967002869,0.18733283877372742,0.42208048701286316,1.1855608224868774,959.9936843588948
481,-54.896907806396484,-3098.6326207770035,7.666449546813965,5.638778209686279,4.748062610626221,18.053290367126465,978.0469747260213
482,-36.06085968017578,-3134.6934804571792,4.614649772644043,2.592388391494751,4.362647533416748,11.569685697555542,989.6166604235768
483,-3.078399658203125,-3137.7718801153824,0.0,0.0,0.9713031053543091,0.0,989.6166604235768
484,0.0,-3137.7718801153824,0.0,0.0,0.0,0.0,989.6166604235768
485,-1.6444790363311768,-3139.4163591517136,0.3064345717430115,0.1924801617860794,0.0,0.35968728363513947,989.976347707212
486,-4.178210258483887,-3143.5945694101974,0.3077986538410187,0.24157807230949402,0.7239189743995667,1.2732957005500793,991.249643407762
487,-5.9210429191589355,-3149.5156123293564,0.06792356073856354,0.2113327980041504,3.6496918201446533,3.9289481788873672,995.1785915866494
488,-4.345267295837402,-3153.860879625194,0.0,1.3195109367370605,1.7887593507766724,2.8129652738571167,997.9915568605065
489,-0.2434735894203186,-3154.104353214614,0.0,0.17388348281383514,0.0,0.0,997.9915568605065
490,-0.11556129902601242,-3154.21991451364,0.0,0.08252085000276566,0.0,0.0,997.9915568605065
491,-1.409019947052002,-3155.628934460692,0.2585613429546356,0.06481437385082245,0.25409364700317383,0.5774693638086319,998.5690262243152
492,-11.584285736083984,-3167.213220196776,3.3575241565704346,0.0,0.0,3.0074839554727077,1001.5765101797879
493,0.0,-3167.213220196776,0.0,0.0,0.0,0.0,1001.5765101797879
494,0.0,-3167.213220196776,0.0,0.0,0.0,0.0,1001.5765101797879
495,0.0,-3167.213220196776,0.0,0.0,0.0,0.0,1001.5765101797879
496,0.0,-3167.213220196776,0.0,0.0,0.0,0.0,1001.5765101797879
497,-0.9534153342247009,-3168.166635531001,0.02223338931798935,0.039968591183423996,0.26407864689826965,0.326280627399683,1001.9027908071876
498,-13.575332641601562,-3181.7419681726024,3.070821762084961,0.8911504149436951,0.5899243950843811,4.551896572113037,1006.4546873793006
499,-6.199305057525635,-3187.941273230128,1.0269628763198853,0.35601088404655457,0.7201741337776184,2.1031478941440582,1008.5578352734447
500,-5.876099586486816,-3193.817372816615,0.4469718635082245,0.36468249559402466,1.0705604553222656,1.8822148144245148,1010.4400500878692
501,-8.443599700927734,-3202.2609725175425,1.3314045667648315,0.3876185119152069,1.050761342048645,2.7697844207286835,1013.2098345085979
502,-4.688862323760986,-3206.9498348413035,0.5798031091690063,0.3296126127243042,0.6702104210853577,1.5796261429786682,1014.7894606515765
503,-3.403655529022217,-3210.3534903703257,0.3560788035392761,0.30459877848625183,0.4267451763153076,1.0874227583408356,1015.8768834099174
504,-3.027536392211914,-3213.3810267625377,0.35421058535575867,0.18733283877372742,0.42208048701286316,0.9636239111423492,1016.8405073210597
505,-59.849456787109375,-3273.230483549647,7.663706302642822,5.754816055297852,4.748678684234619,18.167201042175293,1035.007708363235
506,0.0,-3273.230483549647,0.0,0.0,0.0,0.0,1035.007708363235
507,-1.4551897048950195,-3274.685673254542,0.0,0.0,0.41676953434944153,0.0,1035.007708363235
508,-3.379596710205078,-3278.065269964747,0.32524237036705017,0.19561323523521423,0.4351603388786316,0.956015944480896,1035.963724307716
509,-9.548559188842773,-3287.61382915359,1.9565691947937012,0.23087537288665771,0.5277521014213562,2.715196669101715,1038.6789209768176
510,-32.21330642700195,-3319.827135580592,0.7452424764633179,0.25650835037231445,8.278350830078125,9.280101656913757,1047.9590226337314
511,-7.742068767547607,-3327.5692043481395,0.15855766832828522,1.4071950912475586,0.5724765062332153,2.138229265809059,1050.0972518995404
512,-8.691883087158203,-3336.2610874352977,0.16519969701766968,1.3069356679916382,1.69306480884552,3.165200173854828,1053.2624520733953
513,-1.1395848542451859,-3337.400672289543,0.0,0.16004861891269684,0.6154215931892395,0.09853775799274445,1053.360989831388
514,-0.010668417438864708,-3337.4113407069817,0.0,0.007497816812247038,0.0,0.0,1053.360989831388
515,-2.5916030646767467,-3340.0029437716585,0.7456040382385254,0.0004916157922707498,0.0,0.4061296549043618,1053.7671194862924
516,0.0,-3340.0029437716585,0.0,0.0,0.0,0.0,1053.7671194862924
517,-10.1592378616333,-3350.1621816332918,2.927950143814087,0.0,0.0,1.9408790171146393,1055.707998503407
518,0.0,-3350.1621816332918,0.0,0.0,0.0,0.0,1055.707998503407
519,-13.626916408538818,-3363.7890980418306,2.7744626998901367,0.0,1.286766767501831,3.8569986522197723,1059.5649971556268
520,0.0,-3363.7890980418306,0.0,0.0,0.0,0.0,1059.5649971556268
521,-0.2780437767505646,-3364.067141818581,0.0,0.0,0.09310927987098694,0.0,1059.5649971556268
522,-6.690397262573242,-3370.7575390811544,0.40640056133270264,3.338963747024536,0.5466824173927307,4.2920467257499695,1063.8570438813767
523,-7.75711727142334,-3378.5146563525777,0.5939352512359619,0.37409019470214844,1.8995139598846436,2.867539405822754,1066.7245832871995
524,-7.01285719871521,-3385.527513551293,1.2660026550292969,0.0,1.0705604553222656,1.5815327167510986,1068.3061160039506
525,-6.280811309814453,-3391.8083248611074,0.6353296637535095,0.0,1.4232971668243408,0.40933722257614136,1068.7154532265267
526,-4.379039764404297,-3396.1873646255117,0.4215100109577179,0.2912234663963318,0.7095414996147156,1.4222749769687653,1070.1377282034955
527,-3.166860580444336,-3399.354225205956,0.37498530745506287,0.23568828403949738,0.4267451763153076,1.0374187678098679,1071.1751469713054
528,-3.0315780639648438,-3402.385803269921,0.35421058535575867,0.19907063245773315,0.42208048701286316,0.975361704826355,1072.1505086761317
529,-56.743690490722656,-3459.1294937606435,7.662448883056641,5.638278484344482,4.747967720031738,18.04869508743286,1090.1992037635646
530,0.0,-3459.1294937606435,0.0,0.0,0.0,0.0,1090.1992037635646
531,-1.4197160005569458,-3460.5492097612005,0.0,0.0,0.41672438383102417,0.0,1090.1992037635646
532,-3.3773391246795654,-3463.92654888588,0.33811190724372864,0.19561077654361725,0.4351603388786316,0.9688830226659775,1091.1680867862306
533,-3.6281561851501465,-3467.55470507103,0.3487769067287445,0.23087537288665771,0.49980950355529785,1.0794617831707,1092.2475485694013
534,-4.983469486236572,-3472.5381745572668,0.7116307616233826,0.2397024929523468,0.45183253288269043,1.4031657874584198,1093.6507143568597
535,-7.854953765869141,-3480.393128323136,0.10145055502653122,0.5448907613754272,1.6218613386154175,2.268202655017376,1095.918917011877
536,-10.07096403837204,-3490.464092361508,0.0,2.6300389766693115,0.27211520075798035,2.566778838634491,1098.4856958505115
537,-33.51311111450195,-3523.97720347601,0.6008652448654175,8.606256484985352,0.23717337846755981,9.444295108318329,1107.9299909588299
538,-19.84848141670227,-3543.825684892712,5.049230098724365,0.61571204662323,0.0,5.633337277919054,1113.563328236749
539,0.0,-3543.825684892712,0.0,0.0,0.0,0.0,1113.563328236749
540,-30.87187957763672,-3574.697564470349,3.662271022796631,2.1960349082946777,3.146637201309204,9.004943132400513,1122.5682713691494
541,0.0,-3574.697564470349,0.0,0.0,0.0,0.0,1122.5682713691494
542,-5.338143825531006,-3580.03570829588,1.5716594457626343,0.0,0.0,1.0691965520381927,1123.6374679211876
543,-16.872598886489868,-3596.9083071823698,5.1226091384887695,0.0,0.12692202627658844,5.104567959904671,1128.7420358810923
544,-1.7854937314987183,-3598.6938009138685,0.0,0.0,0.5736870169639587,0.30538876354694366,1129.0474246446392
545,-1.883678913116455,-3600.577479826985,0.15528148412704468,0.09507961571216583,0.3725731670856476,0.6229342669248581,1129.670358911564
546,-8.212600708007812,-3608.7900805349927,0.538820743560791,0.7438444495201111,1.5119638442993164,2.7946290373802185,1132.4649879489443
547,-6.992184162139893,-3615.7822646971326,1.247894525527954,0.35911455750465393,0.7263814806938171,2.333390563726425,1134.7983785126708
548,-7.513158798217773,-3623.2954234953504,1.317481517791748,0.4793415367603302,0.7606547474861145,2.5574778020381927,1137.355856314709
549,-7.080749034881592,-3630.376172530232,1.0641010999679565,0.5022775530815125,0.8165318369865417,2.3829104900360107,1139.738766804745
550,-3.957559585571289,-3634.3337321158033,0.4215100109577179,0.19325745105743408,0.7095414996147156,1.3243089616298676,1141.0630757663748
551,-3.3274478912353516,-3637.6611800070386,0.3560788035392761,0.3036712408065796,0.4267451763153076,1.0864952206611633,1142.149570987036
552,-3.0177011489868164,-3640.6788811560255,0.35421058535575867,0.18733283877372742,0.42208048701286316,0.9636239111423492,1143.1131948981783
553,-3.7786641120910645,-3644.4575452681165,0.3527388870716095,0.41434162855148315,0.41900184750556946,1.186082363128662,1144.299277261307
554,-3.0452327728271484,-3647.5027780409437,0.33876895904541016,0.18461598455905914,0.4166029393672943,0.9399878829717636,1145.2392651442788
555,-3.2914156913757324,-3650.7941937323194,0.35007867217063904,0.1873515099287033,0.4188297688961029,0.9562599509954453,1146.1955250952742
556,-32.98395919799805,-3683.7781529303174,4.458226680755615,2.4547605514526367,3.212862253189087,10.125849485397339,1156.3213745806715
557,-3.6145896911621094,-3687.3927426214796,0.3487769067287445,0.23087537288665771,0.49980950355529785,1.0794617831707,1157.4008363638422
558,-3.5293123722076416,-3690.922054993687,0.33445003628730774,0.2414994090795517,0.4554263651371002,1.0313758105039597,1158.4322121743462
559,-4.689155101776123,-3695.6112100954633,0.053132280707359314,0.8090472221374512,0.5149567723274231,1.3771362751722336,1159.8093484495184
560,-2.3880993723869324,-3697.9993094678503,0.0,0.24874383211135864,0.4630929231643677,0.37211376428604126,1160.1814622138045
561,-1.5341717600822449,-3699.5334812279325,0.0,0.22979986667633057,0.2326885461807251,0.0,1160.1814622138045
562,-3.014711380004883,-3702.5481926079374,0.0,0.8974553346633911,0.0,0.8272648528218269,1161.0087270666263
563,-8.413372993469238,-3710.9615656014066,1.0190635919570923,0.9859547019004822,1.1153719425201416,3.120390236377716,1164.129117303004
564,-17.525829300284386,-3728.487394901691,5.169285297393799,0.05371079966425896,0.0,4.918951731175184,1169.0480690341792
565,-6.363062381744385,-3734.8504572834354,1.9370598793029785,0.0,0.0,1.2762171924114227,1170.3242862265906
566,0.0,-3734.8504572834354,0.0,0.0,0.0,0.0,1170.3242862265906
567,0.0,-3734.8504572834354,0.0,0.0,0.0,0.0,1170.3242862265906
568,-8.090995788574219,-3742.9414530720096,0.0,0.9248583912849426,1.778944730758667,2.448643237352371,1172.772929463943
569,-3.912466049194336,-3746.853919121204,0.9289909601211548,0.08785857260227203,0.35722601413726807,1.3740755468606949,1174.1470050108037
570,-7.933496475219727,-3754.7874155964237,0.41911715269088745,1.0024840831756592,1.2358533143997192,2.657454550266266,1176.80445956107
571,-5.585624694824219,-3760.373040291248,0.5895199179649353,0.35659223794937134,0.9760674238204956,1.9221795797348022,1178.7266391408048
572,-5.713256359100342,-3766.0862966503482,0.6107575297355652,0.36468249559402466,1.0705604553222656,2.0460004806518555,1180.7726396214566
573,-7.050195693969727,-3773.136492344318,0.7614763379096985,0.19623863697052002,1.4884002208709717,2.44611519575119,1183.2187548172078
574,-9.195013999938965,-3782.331506344257,2.038153886795044,0.19325745105743408,0.986940324306488,3.218351662158966,1186.4371064793668
575,-3.2784056663513184,-3785.6099120106082,0.37498530745506287,0.18901224434375763,0.5265489816665649,1.0905465334653854,1187.5276530128322
576,-3.0710980892181396,-3788.6810100998264,0.3568393290042877,0.18733283877372742,0.45272377133369446,0.9968959391117096,1188.5245489519439
577,-2.8893539905548096,-3791.570364090381,0.3527388870716095,0.18591776490211487,0.41900184750556946,0.9576584994792938,1189.4822074514232
578,-2.970083713531494,-3794.5404478039127,0.3514370918273926,0.18461598455905914,0.4166029393672943,0.952656015753746,1190.434863467177
579,-2.986459732055664,-3797.5269075359683,0.35007867217063904,0.1873515099287033,0.4188297688961029,0.9562599509954453,1191.3911234181724
580,-3.0563719272613525,-3800.5832794632297,0.34860697388648987,0.20223666727542877,0.4351603388786316,0.9860039800405502,1192.377127398213
581,-12.58060073852539,-3813.163880201755,3.3222358226776123,0.23087537288665771,0.49980950355529785,4.052920699119568,1196.4300480973325
582,-8.765130996704102,-3821.929011198459,1.3316127061843872,0.6040012836456299,0.7538245916366577,2.689438581466675,1199.1194866787991
583,-6.728286266326904,-3828.657297464786,1.1802514791488647,0.358120322227478,0.6231178045272827,2.1614896059036255,1201.2809762847028
584,-17.09088897705078,-3845.748186441837,1.9757635593414307,1.5053441524505615,1.917295217514038,5.39840292930603,1206.6793792140088
585,-2.108355760574341,-3847.856542202411,0.0,0.3465421497821808,0.27944788336753845,0.12618961930274963,1206.8055688333116
586,-2.253193497657776,-3850.109735700069,0.3174455463886261,0.35085994005203247,0.0,0.5886025354266167,1207.3941713687382
587,-0.4064180999994278,-3850.5161538000684,0.0,0.06313899159431458,0.24340885877609253,0.0,1207.3941713687382
588,-0.2938631474971771,-3850.8100169475656,0.0,0.22953198850154877,0.0,0.0,1207.3941713687382
589,-0.06186412274837494,-3850.871881070314,0.0,0.04725596308708191,0.0,0.0,1207.3941713687382
590,-0.8096498847007751,-3851.6815309550148,0.24066291749477386,0.007022707723081112,0.0,0.0,1207.3941713687382
591,-18.882883071899414,-3870.564414026914,2.5890889167785645,3.2445602416992188,0.0,5.517583966255188,1212.9117553349934
592,0.0,-3870.564414026914,0.0,0.0,0.0,0.0,1212.9117553349934
593,-1.3350142240524292,-3871.8994282509666,0.0,0.0,0.455544114112854,0.0,1212.9117553349934
594,-7.36605978012085,-3879.2654880310874,0.2966333329677582,3.3511128425598145,0.8064391613006592,4.454185336828232,1217.3659406718216
595,-10.27713656425476,-3889.542624595342,2.3147993087768555,0.0,1.1945897340774536,2.4367599487304688,1219.802700620552
596,-5.17039155960083,-3894.713016154943,0.6107575297355652,0.0,1.0997874736785889,0.6595115065574646,1220.4622121271095
597,-8.244836807250977,-3902.957852962194,1.539839744567871,0.3876185119152069,0.8165318369865417,2.7439900934696198,1223.2062022205791
598,-7.279555320739746,-3910.2374082829338,1.5008540153503418,0.19325745105743408,0.7095414996147156,2.4036529660224915,1225.6098551866016
599,-2.967252016067505,-3913.2046602990013,0.3560788035392761,0.18259598314762115,0.4267451763153076,0.9654199630022049,1226.5752751496038
600,-3.0371060371398926,-3916.241766336141,0.35421058535575867,0.18731701374053955,0.42208048701286316,0.9636080861091614,1227.538883235713
601,-56.5399055480957,-3972.781671884237,7.662387847900391,5.637845516204834,4.7498369216918945,18.05007028579712,1245.5889535215101
602,0.0,-3972.781671884237,0.0,0.0,0.0,0.0,1245.5889535215101
603,-1.3686481714248657,-3974.1503200556617,0.0,0.0,0.41684383153915405,0.0,1245.5889535215101
604,-6.326617240905762,-3980.4769372965675,1.336774468421936,0.1956222802400589,0.4351603388786316,1.9675570875406265,1247.5565106090507
605,-5.724384307861328,-3986.201321604429,0.9380737543106079,0.23087537288665771,0.5277521014213562,1.6967012286186218,1249.2532118376694
606,-6.0635271072387695,-3992.2648487116676,1.0610169172286987,0.2490430623292923,0.4705136716365814,1.7805736511945724,1251.033785488864
607,-4.462637901306152,-3996.7274866129737,0.759421706199646,0.21481603384017944,0.3428937792778015,1.317131519317627,1252.3509170081816
608,-2.2157235741615295,-3998.9432101871353,0.0,0.1623491495847702,0.48917993903160095,0.3432431071996689,1252.6941601153812
609,-5.187915802001953,-4004.131125989137,0.0,0.17460213601589203,1.279906153678894,1.0217560678720474,1253.7159161832533
610,-0.028712354600429535,-4004.1598383437376,0.0,0.020695986226201057,0.0,0.0,1253.7159161832533
611,0.0,-4004.1598383437376,0.0,0.0,0.0,0.0,1253.7159161832533
612,-20.780898094177246,-4024.940736437915,3.050466775894165,0.0,3.041128158569336,6.0266236290335655,1259.7425398122869
613,-0.2286895513534546,-4025.1694259892683,0.0,0.0,0.06951248645782471,0.0,1259.7425398122869
614,0.0,-4025.1694259892683,0.0,0.0,0.0,0.0,1259.7425398122869
615,-11.901460647583008,-4037.0708866368514,2.3471057415008545,0.0,1.1717872619628906,3.3444515466690063,1263.0869913589559
616,0.0,-4037.0708866368514,0.0,0.0,0.0,0.0,1263.0869913589559
617,-2.503474235534668,-4039.574360872386,0.0,0.0,0.7624697089195251,0.0,1263.0869913589559
618,-7.656614303588867,-4047.230975175975,0.3573998212814331,3.35189151763916,0.8025505542755127,4.511841893196106,1267.598833252152
619,-5.405625343322754,-4052.6366005192976,0.7303415536880493,0.35753491520881653,0.7232221961021423,1.8110986649990082,1269.409931917151
620,-8.648481369018555,-4061.285081888316,1.3891406059265137,0.36468249559402466,1.0705604553222656,2.824383556842804,1272.2343154739938
621,-3.798698306083679,-4065.0837801944,0.45421919226646423,0.0,0.8165318369865417,0.22541549801826477,1272.459730972012
622,-14.172566413879395,-4079.2563466082793,0.4215100109577179,2.5526771545410156,1.6241950988769531,4.598382264375687,1277.0581132363877
623,-4.25831413269043,-4083.5146607409697,0.3560788035392761,0.29589569568634033,0.7562534809112549,1.4082279801368713,1278.4663412165246
624,-6.988184452056885,-4090.5028451930266,0.35421058535575867,0.18733283877372742,1.5970796346664429,2.138623058795929,1280.6049642753205
625,-56.76795959472656,-4147.270804787753,7.662326812744141,5.6378865242004395,4.745960712432861,18.04617404937744,1298.651138324698
626,0.0,-4147.270804787753,0.0,0.0,0.0,0.0,1298.651138324698
627,-1.4825083017349243,-4148.753313089488,0.0,0.0,0.41672438383102417,0.0,1298.651138324698
628,-35.74052429199219,-4184.49383738148,4.447751998901367,2.4481568336486816,3.195364236831665,10.091273069381714,1308.7424113940797
629,-11.032867431640625,-4195.526704813121,0.3487769067287445,0.23087537288665771,2.652463912963867,3.2321161925792694,1311.974527586659
630,-4.487890243530273,-4200.014595056651,0.34246259927749634,0.31018462777137756,0.5976065397262573,1.2502537667751312,1313.224781353434
631,-4.39417028427124,-4204.408765340922,0.3763113021850586,0.3105776011943817,0.5280323624610901,1.2149212658405304,1314.4397026192746
632,-9.298775672912598,-4213.707541013835,1.6810672283172607,0.8361832499504089,1.0494804382324219,3.5667309165000916,1318.0064335357747
633,-3.579456388950348,-4217.286997402785,0.0,0.2372327446937561,0.7474388480186462,0.266252338886261,1318.272685874661
634,-0.32049551606178284,-4217.607492918847,0.0,0.08819844573736191,0.0,0.0,1318.272685874661
635,-1.0480046272277832,-4218.655497546075,0.0,0.2831929922103882,0.0,0.0,1318.272685874661
636,-2.8973573446273804,-4221.552854890702,0.0,0.9781769514083862,0.98029625415802,0.7330930233001709,1319.0057788979611
637,0.0,-4221.552854890702,0.0,0.0,0.0,0.0,1319.0057788979611
638,0.0,-4221.552854890702,0.0,0.0,0.0,0.0,1319.0057788979611
639,-8.659211158752441,-4230.212066049455,2.5028669834136963,0.0,0.0,1.6115754842758179,1320.617354382237
640,-1.838841199874878,-4232.05090724933,0.5652055740356445,0.0,0.0,0.0,1320.617354382237
641,-0.21061953902244568,-4232.261526788352,0.0,0.0,0.0645102709531784,0.0,1320.617354382237
642,-5.646144151687622,-4237.90767094004,0.0,1.1327673196792603,0.7599798440933228,0.3723573684692383,1320.9897117507062
643,-27.948837280273438,-4265.856508220313,0.47705674171447754,0.35864752531051636,8.467048645019531,9.302752912044525,1330.2924646627507
644,-7.461922645568848,-4273.318430865882,0.8479077816009521,0.36468249559402466,1.2504595518112183,2.463049829006195,1332.755514491757
645,-16.93364906311035,-4290.252079928992,4.1328816413879395,0.3876185119152069,1.1900190114974976,5.710519164800644,1338.4660336565576
646,-5.033195495605469,-4295.285275424598,0.4215100109577179,0.44255486130714417,0.7095414996147156,1.5736063718795776,1340.0396400284371
647,-3.5701546669006348,-4298.855430091498,0.3560788035392761,0.23568828403949738,0.5265489816665649,1.1183160692453384,1341.1579560976825
648,-57.61554718017578,-4356.470977271674,7.663733959197998,5.7532525062561035,4.782097339630127,18.19908380508423,1359.3570399027667
649,0.0,-4356.470977271674,0.0,0.0,0.0,0.0,1359.3570399027667
650,-1.4383113384246826,-4357.909288610099,0.0,0.0,0.41452351212501526,0.0,1359.3570399027667
651,-3.27815842628479,-4361.187447036384,0.3396146297454834,0.18076598644256592,0.4188297688961029,0.9392103850841522,1360.2962502878509
652,-3.467745304107666,-4364.655192340491,0.34860697388648987,0.20223666727542877,0.4351603388786316,0.9860039800405502,1361.2822542678914
653,-7.494994163513184,-4372.1501865040045,1.3677350282669067,0.23087537288665771,0.49980950355529785,2.0984199047088623,1363.3806741726003
654,-13.662506103515625,-4385.81269260752,2.7056221961975098,0.24639129638671875,0.8039667010307312,3.7559801936149597,1367.1366543662152
655,-9.575239181518555,-4395.387931789039,1.1488118171691895,0.21834512054920197,1.2221044301986694,2.589261367917061,1369.7259157341323
656,-18.92468011379242,-4414.312611902831,0.0,0.500525951385498,4.679360866546631,4.813620030879974,1374.5395357650123
657,-24.544565796852112,-4438.857177699683,0.0,0.14646469056606293,6.361440181732178,5.757677957415581,1380.2972137224278
658,-3.3576631117612123,-4442.214840811444,0.0,0.006602431181818247,0.8924576640129089,0.0,1380.2972137224278
659,0.0,-4442.214840811444,0.0,0.0,0.0,0.0,1380.2972137224278
660,-0.6288139224052429,-4442.84365473385,0.0,0.4343595802783966,0.0,0.0,1380.2972137224278
661,-0.32846006751060486,-4443.17211480136,0.0,0.0,0.23452015221118927,0.0,1380.2972137224278
662,-16.553178787231445,-4459.725293588592,4.84611177444458,0.0,0.0,3.818922311067581,1384.1161360334954
663,-7.88697624206543,-4467.612269830657,2.3236351013183594,0.0,0.0,1.5598920285701752,1385.6760280620656
664,-4.846712172031403,-4472.458982002689,0.16229137778282166,0.0,1.3250640630722046,1.3155950158834457,1386.991623077949
665,0.0,-4472.458982002689,0.0,0.0,0.0,0.0,1386.991623077949
666,-2.464434564113617,-4474.923416566802,0.0,0.2636435031890869,0.5373616218566895,0.0,1386.991623077949
667,-12.632658958435059,-4487.556075525237,2.0913631916046143,0.3581891655921936,1.6481059789657593,4.097658336162567,1391.0892814141116
668,-6.906085014343262,-4494.4621605395805,0.7031154632568359,0.36468249559402466,1.0899442434310913,2.157742202281952,1393.2470236163936
669,-50.27398681640625,-4544.736147355987,7.0275139808654785,0.3876185119152069,9.026601791381836,16.44173428416252,1409.688757900556
670,-7.969670295715332,-4552.705817651702,0.4215100109577179,0.44215521216392517,1.65715754032135,2.520822763442993,1412.209580663999
671,-5.058012962341309,-4557.763830614043,0.37498530745506287,0.7011880874633789,0.5265489816665649,1.6027223765850067,1413.812303040584
672,-3.071749210357666,-4560.835579824401,0.3568393290042877,0.19907063245773315,0.42208048701286316,0.977990448474884,1414.790293489059
673,-19.933269500732422,-4580.7688493251335,2.399888038635254,1.8764159679412842,1.8078527450561523,6.08415675163269,1420.8744502406917
674,-8.177632331848145,-4588.946481656982,1.7011696100234985,0.2967706322669983,0.4166029393672943,2.414543181657791,1423.2889934223494
675,-3.4119913578033447,-4592.358473014785,0.35007867217063904,0.1873515099287033,0.4188297688961029,0.9562599509954453,1424.245253373345
676,-3.564344882965088,-4595.92281789775,0.34860697388648987,0.20223666727542877,0.4351603388786316,0.9860039800405502,1425.2312573533854
677,-3.8729958534240723,-4599.795813751174,0.3487769067287445,0.23087537288665771,0.49980950355529785,1.0794617831707,1426.3107191365561
678,-9.411626815795898,-4609.20744056697,1.0169463157653809,1.0625839233398438,0.47167298197746277,2.5512032210826874,1428.8619223576388
679,-3.114159107208252,-4612.321599674178,0.21681378781795502,0.23787231743335724,0.5828270316123962,1.0375131368637085,1429.8994354945025
680,-2.714936375617981,-4615.036536049796,0.0,1.3467658758163452,0.22018855810165405,1.3749780058860779,1431.2744135003886
681,-2.1884124279022217,-4617.2249484776985,0.4022056460380554,0.25337982177734375,0.10225296765565872,0.7578384354710579,1432.0322519358597
682,-0.5602529048919678,-4617.7852013825905,0.0,0.3820599615573883,0.0,0.0,1432.0322519358597
683,-5.789599895477295,-4623.574801278068,0.0,0.0,1.620985984802246,1.3794408030807972,1433.4116927389405
684,0.0,-4623.574801278068,0.0,0.0,0.0,0.0,1433.4116927389405
685,0.0,-4623.574801278068,0.0,0.0,0.0,0.0,1433.4116927389405
686,0.0,-4623.574801278068,0.0,0.0,0.0,0.0,1433.4116927389405
687,0.0,-4623.574801278068,0.0,0.0,0.0,0.0,1433.4116927389405
688,-11.93488597869873,-4635.5096872567665,3.630585193634033,0.0,0.0,3.0509921610355377,1436.462684899976
689,-0.46341076493263245,-4635.973098021699,0.0,0.0,0.14704230427742004,0.10275834426283836,1436.5654432442388
690,-29.2193660736084,-4665.1924640953075,0.0,3.3450024127960205,8.056076049804688,11.33157429099083,1447.8970175352297
691,-6.139225959777832,-4671.331690055085,1.086809515953064,0.0,0.9247347116470337,1.1777827143669128,1449.0748002495966
692,-4.941646099090576,-4676.273336154176,0.4469718635082245,0.36468249559402466,0.7606547474861145,1.5723091065883636,1450.647109356185
693,-3.9638211727142334,-4680.23715732689,0.45421919226646423,0.0,0.8165318369865417,0.21612253785133362,1450.8632318940363
694,-5.828492164611816,-4686.065649491502,0.57329261302948,0.16801896691322327,1.1177921295166016,1.8591037094593048,1452.7223356034956
695,-5.094179153442383,-4691.159828644944,0.3560788035392761,0.18901224434375763,1.1085724830627441,1.653663530945778,1454.3759991344414
696,-3.122891426086426,-4694.282720071031,0.35421058535575867,0.18733283877372742,0.42208048701286316,0.9636239111423492,1455.3396230455837
697,-18.05012321472168,-4712.3328432857525,2.407548666000366,1.312179684638977,1.8078527450561523,5.527581095695496,1460.8672041412792
698,-3.148533821105957,-4715.481377106858,0.3514370918273926,0.18461598455905914,0.4166029393672943,0.952656015753746,1461.819860157033
699,-3.297630786895752,-4718.779007893754,0.35007867217063904,0.1873515099287033,0.4188297688961029,0.9562599509954453,1462.7761201080284
700,-3.5538547039031982,-4722.332862597657,0.34860697388648987,0.20223666727542877,0.4351603388786316,0.9860039800405502,1463.762124088069
701,-3.8108677864074707,-4726.143730384065,0.3487769067287445,0.23087537288665771,0.49980950355529785,1.0794617831707,1464.8415858712397
702,-3.5162572860717773,-4729.659987670137,0.3108523190021515,0.24310490489006042,0.4586373567581177,1.0125945806503296,1465.85418045189
703,-6.342865943908691,-4736.002853614045,1.3067142963409424,0.20033147931098938,0.3139246702194214,1.8209704458713531,1467.6751508977613
704,-4.901924133300781,-4740.904777747346,0.7592211961746216,0.2643275260925293,0.2989349663257599,1.3224836885929108,1468.9976345863543
705,-11.09244441986084,-4751.997222167207,1.9054900407791138,0.24723315238952637,2.229128122329712,4.381851315498352,1473.3794859018526
706,-4.707959920167923,-4756.705182087375,1.2209644317626953,0.09429768472909927,0.0,1.1306347772479057,1474.5101206791005
707,-0.006514467764645815,-4756.7116965551395,0.0,0.0017803049413487315,0.0,0.0,1474.5101206791005
708,-27.226905822753906,-4783.938602377893,2.9464054107666016,2.3174662590026855,2.7201883792877197,7.984060049057007,1482.4941807281575
709,-27.32918930053711,-4811.2677916784305,3.1711113452911377,2.0888965129852295,2.5258564949035645,7.785864353179932,1490.2800450813374
710,0.0,-4811.2677916784305,0.0,0.0,0.0,0.0,1490.2800450813374
711,0.0,-4811.2677916784305,0.0,0.0,0.0,0.0,1490.2800450813374
712,-4.333682626485825,-4815.601474304916,0.0,3.102724075317383,0.10400160402059555,3.1714824326336384,1493.451527513971
713,-2.999980926513672,-4818.60145523143,0.20622381567955017,0.18119113147258759,0.6575417518615723,1.04495669901371,1494.4964842129848
714,-4.921808481216431,-4823.523263712646,0.3609231412410736,0.0,1.242984414100647,1.146730899810791,1495.6432151127956
715,-5.503128528594971,-4829.026392241241,0.861149787902832,0.0,0.9758043885231018,0.2694184184074402,1495.912633531203
716,-7.83156681060791,-4836.857959051849,1.2025023698806763,0.3263198733329773,1.0705604553222656,2.599382698535919,1498.512016229739
717,-9.017457008361816,-4845.875416060211,1.5637325048446655,0.3876185119152069,1.0430465936660767,2.994397610425949,1501.506413840165
718,-10.258955001831055,-4856.134371062042,0.4215100109577179,0.19325745105743408,2.6652984619140625,3.2800659239292145,1504.786479764094
