time_step,hour,occupant_count,cooling_delta_before_action,action_value,reward,net_consumption_kwh,grid_import_kwh,indoor_temperature,cooling_setpoint,cooling_delta_after_step
0,1.0,3.0,-0.12356948852539062,0.125,-2.033644199371338,2.033644199371338,2.033644199371338,23.098651885986328,23.22222137451172,0.0
1,2.0,3.0,0.012521743774414062,0.0,-0.8462807536125183,0.8462807536125183,0.8462807536125183,22.234743118286133,22.22222137451172,0.012521743774414062
2,3.0,3.0,0.0008392333984375,0.125,-0.7249863147735596,0.7249863147735596,0.7249863147735596,22.223060607910156,22.22222137451172,0.0008392333984375
3,4.0,3.0,2.86102294921875e-05,0.0,-0.6327978372573853,0.6327978372573853,0.6327978372573853,22.22224998474121,22.22222137451172,2.86102294921875e-05
4,5.0,3.0,1.52587890625e-05,0.0,-0.6071555614471436,0.6071555614471436,0.6071555614471436,22.22223663330078,22.22222137451172,1.52587890625e-05
5,6.0,3.0,1.52587890625e-05,0.125,-1.00062894821167,1.00062894821167,1.00062894821167,22.22223663330078,22.22222137451172,1.52587890625e-05
6,7.0,2.0,9.5367431640625e-06,0.125,-1.607621669769287,1.607621669769287,1.607621669769287,22.222230911254883,22.22222137451172,9.5367431640625e-06
7,8.0,2.0,-0.0007781982421875,0.625,-0.5342340469360352,0.5342340469360352,0.5342340469360352,22.332555770874023,22.33333396911621,0.0
8,9.0,2.0,-0.0059814453125,0.125,-4.653266429901123,4.653266429901123,4.653266429901123,22.77179718017578,22.77777862548828,0.0
9,10.0,1.0,-0.06654548645019531,0.25,-0.48263463377952576,0.48263463377952576,0.48263463377952576,23.266788482666016,23.33333396911621,0.0
10,11.0,1.0,-0.03755378723144531,0.25,0.0,-0.3569531738758087,0.0,24.406890869140625,24.44444465637207,0.0
11,12.0,1.0,-0.000125885009765625,0.875,-1.8172708749771118,1.8172708749771118,1.8172708749771118,24.444318771362305,24.44444465637207,0.0
12,13.0,1.0,5.7220458984375e-06,0.25,-0.26597872376441956,0.26597872376441956,0.26597872376441956,24.659706115722656,24.44444465637207,0.21526145935058594
13,14.0,0.0,7.62939453125e-06,0.0,0.0,-1.293045997619629,0.0,27.496498107910156,24.44444465637207,3.052053451538086
14,15.0,0.0,1.33514404296875e-05,0.875,-2.6453769207000732,2.6453769207000732,2.6453769207000732,19.244590759277344,24.44444465637207,0.0
15,16.0,1.0,9.5367431640625e-06,0.125,-0.6780230402946472,0.6780230402946472,0.6780230402946472,23.161075592041016,24.44444465637207,0.0
16,17.0,0.0,0.02606964111328125,0.625,-2.3988821506500244,2.3988821506500244,2.3988821506500244,20.44045066833496,23.55555534362793,0.0
17,18.0,2.0,-0.023105621337890625,0.125,-0.6936401724815369,0.6936401724815369,0.6936401724815369,24.01459312438965,25.55555534362793,0.0
18,19.0,3.0,-0.04053688049316406,0.125,-0.9762178659439087,0.9762178659439087,0.9762178659439087,25.50865936279297,26.5,0.0
19,20.0,3.0,0.06821823120117188,0.0,-1.0769085884094238,1.0769085884094238,1.0769085884094238,27.477100372314453,24.44444465637207,3.032655715942383
20,21.0,2.0,0.14877891540527344,0.0,-0.5288646817207336,0.5288646817207336,0.5288646817207336,27.988697052001953,21.66666603088379,6.322031021118164
21,22.0,2.0,-0.08307456970214844,0.0,-0.9365671873092651,0.9365671873092651,0.9365671873092651,28.218584060668945,24.44444465637207,3.774139404296875
22,23.0,2.0,0.04767417907714844,0.0,-0.4215100109577179,0.4215100109577179,0.4215100109577179,28.54709815979004,22.83333396911621,5.713764190673828
23,24.0,2.0,0.09658622741699219,0.375,-1.897186040878296,1.897186040878296,1.897186040878296,20.66693115234375,20.72222137451172,0.0
24,1.0,2.0,0.0031871795654296875,0.125,-0.867913007736206,0.867913007736206,0.867913007736206,22.789264678955078,20.55555534362793,2.2337093353271484
25,2.0,2.0,-0.06862258911132812,0.375,-1.8938461542129517,1.8938461542129517,1.8938461542129517,19.037635803222656,21.66666603088379,0.0
26,3.0,2.0,-0.002758026123046875,0.75,-3.4336516857147217,3.4336516857147217,3.4336516857147217,17.4138126373291,22.22222137451172,0.0
27,4.0,2.0,-3.4332275390625e-05,1.0,-4.45969820022583,4.45969820022583,4.45969820022583,15.645482063293457,22.22222137451172,0.0
28,5.0,3.0,9.5367431640625e-06,0.0,-1.3546943664550781,1.3546943664550781,1.3546943664550781,18.80732536315918,22.22222137451172,0.0
29,6.0,3.0,-0.0002002716064453125,0.0,-1.3658525943756104,1.3658525943756104,1.3658525943756104,20.125524520874023,22.22222137451172,0.0
30,7.0,3.0,3.814697265625e-06,0.5,-3.384955644607544,3.384955644607544,3.384955644607544,15.268094062805176,22.22222137451172,0.0
31,8.0,3.0,-0.0013408660888671875,0.125,-0.5916716456413269,0.5916716456413269,0.5916716456413269,17.893335342407227,22.33333396911621,0.0
32,9.0,2.0,-0.18526077270507812,0.125,-0.1522037237882614,0.1522037237882614,0.1522037237882614,19.319616317749023,24.44444465637207,0.0
33,10.0,2.0,-0.000213623046875,0.0,0.0,-0.4318349361419678,0.0,21.957805633544922,24.44444465637207,0.0
34,11.0,2.0,3.814697265625e-06,0.125,-0.5763567686080933,0.5763567686080933,0.5763567686080933,21.999155044555664,24.44444465637207,0.0
35,12.0,2.0,3.814697265625e-06,0.625,-2.890977621078491,2.890977621078491,2.890977621078491,18.88680076599121,24.44444465637207,0.0
36,13.0,2.0,5.7220458984375e-06,0.0,-4.797369956970215,4.797369956970215,4.797369956970215,22.672054290771484,24.44444465637207,0.0
37,14.0,3.0,9.5367431640625e-06,0.875,-5.348052024841309,5.348052024841309,5.348052024841309,16.622865676879883,24.44444465637207,0.0
38,15.0,2.0,1.1444091796875e-05,0.0,0.0,-0.5143934488296509,0.0,20.873851776123047,24.44444465637207,0.0
39,16.0,1.0,-0.020732879638671875,0.0,0.0,-0.6550762057304382,0.0,24.028011322021484,24.61111068725586,0.0
40,17.0,1.0,-0.016557693481445312,0.875,-4.0436625480651855,4.0436625480651855,4.0436625480651855,17.561458587646484,25.0,0.0
41,18.0,1.0,0.019557952880859375,0.375,-1.3953052759170532,1.3953052759170532,1.3953052759170532,20.725692749023438,24.5,0.0
42,19.0,2.0,0.0008258819580078125,0.25,-2.136512279510498,2.136512279510498,2.136512279510498,22.225730895996094,24.44444465637207,0.0
43,20.0,3.0,1.33514404296875e-05,0.0,-0.7583456039428711,0.7583456039428711,0.7583456039428711,24.980518341064453,24.44444465637207,0.5360736846923828
44,21.0,3.0,5.7220458984375e-06,0.125,-2.8045411109924316,2.8045411109924316,2.8045411109924316,23.956016540527344,24.44444465637207,0.0
45,22.0,3.0,0.09901046752929688,0.125,-1.1490321159362793,1.1490321159362793,1.1490321159362793,24.381511688232422,22.0,2.381511688232422
46,23.0,3.0,0.3535022735595703,0.125,-1.0572445392608643,1.0572445392608643,1.0572445392608643,24.142459869384766,20.0,4.142459869384766
47,24.0,3.0,0.014959335327148438,0.0,-0.37498530745506287,0.37498530745506287,0.37498530745506287,25.816326141357422,20.0,5.816326141357422
48,1.0,2.0,0.00324249267578125,0.625,-2.922722816467285,2.922722816467285,2.922722816467285,16.143951416015625,20.0,0.0
49,2.0,2.0,0.0008907318115234375,0.875,-3.9486560821533203,3.9486560821533203,3.9486560821533203,16.44904327392578,20.0,0.0
50,3.0,2.0,0.000518798828125,0.5,-2.4062469005584717,2.4062469005584717,2.4062469005584717,15.799341201782227,20.0,0.0
51,4.0,2.0,0.0001926422119140625,0.375,-1.8759633302688599,1.8759633302688599,1.8759633302688599,15.820916175842285,20.0,0.0
52,5.0,3.0,8.0108642578125e-05,0.0,-0.34860697388648987,0.34860697388648987,0.34860697388648987,19.15819549560547,20.0,0.0
53,6.0,3.0,-8.58306884765625e-05,0.0,-0.3487769067287445,0.3487769067287445,0.3487769067287445,19.935157775878906,20.0,0.0
54,7.0,3.0,9.5367431640625e-06,1.0,-4.412202835083008,4.412202835083008,4.412202835083008,12.551226615905762,20.0,0.0
55,8.0,3.0,9.5367431640625e-06,0.75,-3.6019434928894043,3.6019434928894043,3.6019434928894043,13.922722816467285,20.0,0.0
56,9.0,3.0,7.62939453125e-06,0.125,-1.3084781169891357,1.3084781169891357,1.3084781169891357,16.92989158630371,20.0,0.0
57,10.0,3.0,-0.12285614013671875,0.0,0.0,-0.5403615236282349,0.0,19.75730323791504,22.44444465637207,0.0
58,11.0,3.0,-0.00783538818359375,0.0,0.0,-0.8445625305175781,0.0,21.409513473510742,22.77777862548828,0.0
59,12.0,2.0,-0.10436058044433594,0.0,0.0,-1.0440349578857422,0.0,22.615673065185547,24.44444465637207,0.0
60,13.0,2.0,-0.0001430511474609375,0.0,0.0,-1.0866937637329102,0.0,23.39141845703125,24.44444465637207,0.0
61,14.0,2.0,3.814697265625e-06,0.375,-0.7766463756561279,0.7766463756561279,0.7766463756561279,19.288131713867188,24.44444465637207,0.0
62,15.0,2.0,0.0025634765625,0.125,0.0,-0.16924360394477844,0.0,21.66330909729004,24.38888931274414,0.0
63,16.0,2.0,0.028749465942382812,0.125,-2.0750722885131836,2.0750722885131836,2.0750722885131836,22.217960357666016,23.55555534362793,0.0
64,17.0,2.0,0.024263381958007812,0.125,-1.4144344329833984,1.4144344329833984,1.4144344329833984,22.908273696899414,22.22222137451172,0.6860523223876953
65,18.0,2.0,-0.0008563995361328125,0.0,-0.14395681023597717,0.14395681023597717,0.14395681023597717,24.786128997802734,22.55555534362793,2.2305736541748047
66,19.0,3.0,-0.06433296203613281,0.625,-3.555248260498047,3.555248260498047,3.555248260498047,17.479053497314453,24.44444465637207,0.0
67,20.0,3.0,1.33514404296875e-05,0.0,-0.8331621885299683,0.8331621885299683,0.8331621885299683,20.668136596679688,24.44444465637207,0.0
68,21.0,3.0,5.7220458984375e-06,0.125,-1.124459981918335,1.124459981918335,1.124459981918335,20.319759368896484,24.44444465637207,0.0
69,22.0,3.0,0.09798431396484375,0.125,-1.1490321159362793,1.1490321159362793,1.1490321159362793,21.01963233947754,22.22222137451172,0.0
70,23.0,3.0,-0.11844253540039062,0.25,-1.509930968284607,1.509930968284607,1.509930968284607,19.52618980407715,24.44444465637207,0.0
71,24.0,3.0,-0.0001239776611328125,0.125,-1.3849445581436157,1.3849445581436157,1.3849445581436157,20.578676223754883,24.44444465637207,0.0
72,1.0,3.0,0.046710968017578125,0.0,-0.3594680726528168,0.3594680726528168,0.3594680726528168,22.396909713745117,23.22222137451172,0.0
73,2.0,3.0,-0.002513885498046875,0.875,-3.9486560821533203,3.9486560821533203,3.9486560821533203,13.886876106262207,23.55555534362793,0.0
74,3.0,3.0,-0.025876998901367188,0.5,-2.4062469005584717,2.4062469005584717,2.4062469005584717,15.710236549377441,23.83333396911621,0.0
75,4.0,3.0,-0.017822265625,0.0,-0.3348560631275177,0.3348560631275177,0.3348560631275177,18.99481201171875,24.11111068725586,0.0
76,5.0,3.0,-0.0019702911376953125,0.0,-0.34860697388648987,0.34860697388648987,0.34860697388648987,19.847200393676758,24.44444465637207,0.0
77,6.0,2.0,-0.013284683227539062,0.75,-4.449949741363525,4.449949741363525,4.449949741363525,13.784074783325195,24.77777862548828,0.0
78,7.0,2.0,-0.19941139221191406,0.75,-3.4421067237854004,3.4421067237854004,3.4421067237854004,14.79036808013916,25.05555534362793,0.0
79,8.0,2.0,0.030035018920898438,0.25,-1.5279717445373535,1.5279717445373535,1.5279717445373535,15.93885326385498,23.33333396911621,0.0
80,9.0,2.0,-0.023092269897460938,1.0,-4.255207538604736,4.255207538604736,4.255207538604736,12.89882755279541,23.88888931274414,0.0
81,10.0,2.0,-8.58306884765625e-05,0.0,0.0,-0.19974814355373383,0.0,16.606792449951172,23.88888931274414,0.0
82,11.0,1.0,-0.20296287536621094,0.375,-1.6438781023025513,1.6438781023025513,1.6438781023025513,14.040597915649414,25.66666603088379,0.0
83,12.0,1.0,-7.05718994140625e-05,0.0,0.0,-0.3503643572330475,0.0,17.68505859375,24.44444465637207,0.0
84,13.0,2.0,5.7220458984375e-06,0.125,-0.026415763422846794,0.026415763422846794,0.026415763422846794,17.573753356933594,24.44444465637207,0.0
85,14.0,1.0,-0.09318161010742188,0.5,-1.951366901397705,1.951366901397705,1.951366901397705,15.89801025390625,25.83333396911621,0.0
86,15.0,1.0,0.008886337280273438,0.0,0.0,-0.5747829079627991,0.0,19.351490020751953,25.0,0.0
87,16.0,1.0,-0.013349533081054688,0.125,0.0,-0.11814313381910324,0.0,18.94440269470215,25.83333396911621,0.0
88,17.0,2.0,0.07266044616699219,0.125,-0.15270927548408508,0.15270927548408508,0.15270927548408508,20.098255157470703,24.44444465637207,0.0
89,18.0,2.0,0.000698089599609375,1.0,-5.0695061683654785,5.0695061683654785,5.0695061683654785,13.897706985473633,24.44444465637207,0.0
90,19.0,2.0,7.62939453125e-06,0.75,-3.4809365272521973,3.4809365272521973,3.4809365272521973,15.10163688659668,24.44444465637207,0.0
91,20.0,3.0,5.7220458984375e-06,0.25,-1.62196946144104,1.62196946144104,1.62196946144104,16.77201271057129,24.44444465637207,0.0
92,21.0,2.0,5.7220458984375e-06,0.0,-0.9364479184150696,0.9364479184150696,0.9364479184150696,19.48733139038086,24.44444465637207,0.0
93,22.0,3.0,5.7220458984375e-06,0.125,-1.0584769248962402,1.0584769248962402,1.0584769248962402,17.98940658569336,24.44444465637207,0.0
94,23.0,3.0,5.7220458984375e-06,0.0,-0.6589604616165161,0.6589604616165161,0.6589604616165161,20.17369842529297,24.44444465637207,0.0
95,24.0,3.0,0.10400962829589844,0.0,-0.3560788035392761,0.3560788035392761,0.3560788035392761,20.53567123413086,22.22222137451172,0.0
96,1.0,3.0,-0.00077056884765625,0.375,-1.8953179121017456,1.8953179121017456,1.8953179121017456,15.313615798950195,23.22222137451172,0.0
97,2.0,3.0,0.05275917053222656,0.0,-0.3527388870716095,0.3527388870716095,0.3527388870716095,18.611087799072266,22.22222137451172,0.0
98,3.0,3.0,0.00531768798828125,0.0,-0.3514370918273926,0.3514370918273926,0.3514370918273926,19.284305572509766,22.22222137451172,0.0
99,4.0,3.0,0.0005664825439453125,0.0,-0.35007867217063904,0.35007867217063904,0.35007867217063904,20.22411346435547,22.22222137451172,0.0
100,5.0,3.0,4.76837158203125e-05,0.0,-1.2545539140701294,1.2545539140701294,1.2545539140701294,20.716896057128906,22.22222137451172,0.0
101,6.0,3.0,1.52587890625e-05,0.125,-0.8605968952178955,0.8605968952178955,0.8605968952178955,18.958024978637695,22.22222137451172,0.0
102,7.0,2.0,9.5367431640625e-06,0.125,-1.5921903848648071,1.5921903848648071,1.5921903848648071,19.435688018798828,22.22222137451172,0.0
103,8.0,1.0,-0.00124359130859375,0.0,-1.406815528869629,1.406815528869629,1.406815528869629,21.384963989257812,22.33333396911621,0.0
104,9.0,1.0,-0.001811981201171875,0.0,-0.26671406626701355,0.26671406626701355,0.26671406626701355,22.267009735107422,22.77777862548828,0.0
105,10.0,1.0,-0.0014972686767578125,0.125,-0.017848044633865356,0.017848044633865356,0.017848044633865356,21.56205940246582,23.33333396911621,0.0
106,11.0,1.0,-0.0070972442626953125,0.0,0.0,-1.0164076089859009,0.0,23.65546226501465,23.88888931274414,0.0
107,12.0,1.0,-0.0063114166259765625,0.0,0.0,-0.9263487458229065,0.0,24.663715362548828,24.44444465637207,0.2192707061767578
108,13.0,1.0,-2.09808349609375e-05,0.0,0.0,-0.966838538646698,0.0,25.685897827148438,24.44444465637207,1.2414531707763672
109,14.0,1.0,5.7220458984375e-06,0.125,0.0,-0.26016929745674133,0.0,25.206710815429688,24.44444465637207,0.7622661590576172
110,15.0,1.0,1.1444091796875e-05,0.0,0.0,-0.8958898782730103,0.0,27.126041412353516,24.44444465637207,2.6815967559814453
111,16.0,1.0,9.5367431640625e-06,0.125,0.0,-0.07153547555208206,0.0,26.354063034057617,24.44444465637207,1.9096183776855469
112,17.0,2.0,0.0011768341064453125,0.125,-0.029247917234897614,0.029247917234897614,0.029247917234897614,27.10881233215332,24.38888931274414,2.7199230194091797
113,18.0,2.0,1.71661376953125e-05,0.0,-0.8948801755905151,0.8948801755905151,0.8948801755905151,28.85952377319336,24.38888931274414,4.470634460449219
114,19.0,3.0,3.814697265625e-06,0.0,-0.37103885412216187,0.37103885412216187,0.37103885412216187,29.38524627685547,24.38888931274414,4.996356964111328
115,20.0,3.0,3.814697265625e-06,0.0,-0.7546690702438354,0.7546690702438354,0.7546690702438354,29.27935791015625,24.38888931274414,4.890468597412109
116,21.0,3.0,5.7220458984375e-06,0.25,-1.4743767976760864,1.4743767976760864,1.4743767976760864,25.030569076538086,24.38888931274414,0.6416797637939453
117,22.0,3.0,0.0006504058837890625,0.125,-0.8773664236068726,0.8773664236068726,0.8773664236068726,25.945884704589844,24.33333396911621,1.6125507354736328
118,23.0,3.0,2.47955322265625e-05,0.0,-0.5967347025871277,0.5967347025871277,0.5967347025871277,27.52248764038086,24.33333396911621,3.1891536712646484
119,24.0,3.0,9.5367431640625e-06,0.0,-0.5923177599906921,0.5923177599906921,0.5923177599906921,27.904216766357422,24.33333396911621,3.570882797241211
120,1.0,3.0,-9.5367431640625e-06,0.125,-0.867913007736206,0.867913007736206,0.867913007736206,25.434627532958984,24.33333396911621,1.1012935638427734
121,2.0,3.0,-0.0033702850341796875,0.25,-1.3801437616348267,1.3801437616348267,1.3801437616348267,23.062767028808594,24.44444465637207,0.0
122,3.0,3.0,0.09588050842285156,0.125,-0.8651395440101624,0.8651395440101624,0.8651395440101624,23.726730346679688,22.22222137451172,1.5045089721679688
123,4.0,3.0,0.0010013580322265625,0.0,-0.35007867217063904,0.35007867217063904,0.35007867217063904,25.41678237915039,22.22222137451172,3.194561004638672
124,5.0,3.0,0.000125885009765625,0.0,-0.34860697388648987,0.34860697388648987,0.34860697388648987,25.732728958129883,22.22222137451172,3.510507583618164
125,6.0,3.0,1.52587890625e-05,0.125,-1.4661113023757935,1.4661113023757935,1.4661113023757935,23.42865753173828,22.22222137451172,1.2064361572265625
126,7.0,2.0,9.5367431640625e-06,0.125,-5.534172058105469,5.534172058105469,5.534172058105469,23.434173583984375,22.22222137451172,1.2119522094726562
127,8.0,2.0,9.5367431640625e-06,0.25,-1.1296727657318115,1.1296727657318115,1.1296727657318115,22.08047866821289,22.22222137451172,0.0
128,9.0,3.0,7.62939453125e-06,0.0,0.0,-0.21943727135658264,0.0,24.784297943115234,22.22222137451172,2.5620765686035156
129,10.0,2.0,-0.0060329437255859375,0.0,-4.173412322998047,4.173412322998047,4.173412322998047,25.98566246032715,22.77777862548828,3.207883834838867
130,11.0,2.0,-0.013898849487304688,0.5,-1.217729091644287,1.217729091644287,1.217729091644287,20.85068130493164,23.88888931274414,0.0
131,12.0,2.0,-0.008266448974609375,0.0,0.0,-1.1622930765151978,0.0,24.06891441345215,24.44444465637207,0.0
132,13.0,1.0,-2.47955322265625e-05,0.625,-1.3780463933944702,1.3780463933944702,1.3780463933944702,19.324556350708008,24.44444465637207,0.0
133,14.0,1.0,-0.002346038818359375,0.875,-2.3951375484466553,2.3951375484466553,2.3951375484466553,19.82892608642578,25.22222137451172,0.0
134,15.0,1.0,0.0060367584228515625,0.0,0.0,-0.6445506811141968,0.0,23.801979064941406,25.0,0.0
135,16.0,1.0,-0.12413787841796875,0.0,0.0,-0.895548939704895,0.0,25.875770568847656,27.22222137451172,0.0
136,17.0,1.0,-0.003387451171875,0.0,0.0,-0.5875452160835266,0.0,27.245258331298828,27.22222137451172,0.023036956787109375
137,18.0,2.0,-3.814697265625e-05,0.125,-2.301464796066284,2.301464796066284,2.301464796066284,26.73074722290039,27.22222137451172,0.0
138,19.0,3.0,0.0027599334716796875,0.0,-0.918773353099823,0.918773353099823,0.918773353099823,28.319751739501953,26.66666603088379,1.653085708618164
139,20.0,2.0,0.01091766357421875,0.0,-1.6380316019058228,1.6380316019058228,1.6380316019058228,28.383750915527344,25.66666603088379,2.7170848846435547
140,21.0,3.0,-0.00048065185546875,0.5,-9.748826026916504,9.748826026916504,9.748826026916504,21.565113067626953,25.77777862548828,0.0
141,22.0,3.0,0.0291595458984375,0.125,-1.2935243844985962,1.2935243844985962,1.2935243844985962,23.83304214477539,24.44444465637207,0.0
142,23.0,3.0,0.0004730224609375,0.0,-0.4215100109577179,0.4215100109577179,0.4215100109577179,25.818519592285156,24.44444465637207,1.374074935913086
143,24.0,3.0,4.00543212890625e-05,0.0,-0.3560788035392761,0.3560788035392761,0.3560788035392761,26.496618270874023,24.44444465637207,2.052173614501953
144,1.0,3.0,0.0793914794921875,0.0,-0.35421058535575867,0.35421058535575867,0.35421058535575867,26.93633270263672,23.22222137451172,3.714111328125
145,2.0,3.0,0.04043006896972656,0.0,-0.5866090059280396,0.5866090059280396,0.5866090059280396,27.145402908325195,22.22222137451172,4.923181533813477
146,3.0,3.0,0.0010986328125,0.125,-0.8524714112281799,0.8524714112281799,0.8524714112281799,24.2901554107666,22.22222137451172,2.067934036254883
147,4.0,3.0,0.0001430511474609375,0.0,-0.3348560631275177,0.3348560631275177,0.3348560631275177,25.968996047973633,22.22222137451172,3.746774673461914
148,5.0,3.0,6.29425048828125e-05,0.0,-0.34860697388648987,0.34860697388648987,0.34860697388648987,26.186729431152344,22.22222137451172,3.964508056640625
149,6.0,3.0,4.00543212890625e-05,0.125,-0.8587145209312439,0.8587145209312439,0.8587145209312439,23.73387336730957,22.22222137451172,1.5116519927978516
150,7.0,2.0,9.5367431640625e-06,0.125,-1.7712513208389282,1.7712513208389282,1.7712513208389282,23.777557373046875,22.22222137451172,1.5553359985351562
151,8.0,2.0,-0.001285552978515625,0.0,-0.3870762586593628,0.3870762586593628,0.3870762586593628,25.676345825195312,22.33333396911621,3.3430118560791016
152,9.0,3.0,-0.0029430389404296875,0.125,-2.004368305206299,2.004368305206299,2.004368305206299,24.628328323364258,22.77777862548828,1.8505496978759766
153,10.0,2.0,-0.0050506591796875,0.0,0.0,-0.5706719756126404,0.0,26.557144165039062,23.33333396911621,3.2238101959228516
154,11.0,2.0,-0.00018310546875,0.875,-2.8231844902038574,2.8231844902038574,2.8231844902038574,17.561187744140625,23.88888931274414,0.0
155,12.0,2.0,-0.0011920928955078125,0.875,-8.126677513122559,8.126677513122559,8.126677513122559,19.161235809326172,24.44444465637207,0.0
156,13.0,2.0,-7.62939453125e-06,0.375,-1.5084428787231445,1.5084428787231445,1.5084428787231445,21.122568130493164,24.44444465637207,0.0
157,14.0,2.0,7.62939453125e-06,0.0,0.0,-0.49131590127944946,0.0,24.631420135498047,24.44444465637207,0.18697547912597656
158,15.0,2.0,1.1444091796875e-05,0.25,-0.27799102663993835,0.27799102663993835,0.27799102663993835,23.32830047607422,24.44444465637207,0.0
159,16.0,2.0,-0.07278060913085938,0.125,0.0,-0.07838901877403259,0.0,25.36264419555664,25.55555534362793,0.0
160,17.0,3.0,-0.003143310546875,0.125,-0.5481428503990173,0.5481428503990173,0.5481428503990173,26.200315475463867,27.22222137451172,0.0
161,18.0,3.0,-0.000232696533203125,0.0,-1.4606693983078003,1.4606693983078003,1.4606693983078003,27.91480827331543,27.22222137451172,0.6925868988037109
162,19.0,3.0,3.814697265625e-06,0.0,-1.0783368349075317,1.0783368349075317,1.0783368349075317,28.294797897338867,27.22222137451172,1.0725765228271484
163,20.0,3.0,-1.9073486328125e-06,0.625,-3.268075466156006,3.268075466156006,3.268075466156006,20.52841567993164,27.22222137451172,0.0
164,21.0,3.0,3.814697265625e-06,0.25,-2.4587607383728027,2.4587607383728027,2.4587607383728027,22.32819366455078,27.22222137451172,0.0
165,22.0,3.0,3.814697265625e-06,0.125,-1.0584769248962402,1.0584769248962402,1.0584769248962402,23.540210723876953,27.22222137451172,0.0
166,23.0,3.0,3.814697265625e-06,0.0,-0.3604939579963684,0.3604939579963684,0.3604939579963684,25.25225257873535,27.22222137451172,0.0
167,24.0,3.0,-5.7220458984375e-06,0.125,-0.8697812557220459,0.8697812557220459,0.8697812557220459,23.888282775878906,27.22222137451172,0.0
168,1.0,3.0,3.814697265625e-06,0.0,-0.35421058535575867,0.35421058535575867,0.35421058535575867,25.263378143310547,27.22222137451172,0.0
169,2.0,3.0,-3.814697265625e-06,0.25,-1.3801437616348267,1.3801437616348267,1.3801437616348267,21.41802978515625,27.22222137451172,0.0
170,3.0,3.0,1.9073486328125e-06,0.125,-0.8651395440101624,0.8651395440101624,0.8651395440101624,22.327415466308594,27.22222137451172,0.0
171,4.0,3.0,-0.03415870666503906,0.0,-0.35007867217063904,0.35007867217063904,0.35007867217063904,24.0140380859375,27.22222137451172,0.0
172,5.0,3.0,-0.23867416381835938,0.0,-0.34860697388648987,0.34860697388648987,0.34860697388648987,24.730804443359375,27.22222137451172,0.0
173,6.0,3.0,-0.014764785766601562,0.0,-2.916538715362549,2.916538715362549,2.916538715362549,25.246257781982422,27.22222137451172,0.0
174,7.0,3.0,-0.000110626220703125,0.625,-2.9528491497039795,2.9528491497039795,2.9528491497039795,18.664106369018555,27.22222137451172,0.0
175,8.0,2.0,1.9073486328125e-06,0.25,-1.1790401935577393,1.1790401935577393,1.1790401935577393,20.352079391479492,27.22222137451172,0.0
176,9.0,2.0,3.814697265625e-06,0.125,-1.682584285736084,1.682584285736084,1.682584285736084,22.021583557128906,27.22222137451172,0.0
177,10.0,1.0,3.814697265625e-06,0.625,-1.9446324110031128,1.9446324110031128,1.9446324110031128,18.92799949645996,27.22222137451172,0.0
178,11.0,1.0,1.9073486328125e-06,0.0,0.0,-0.9074476957321167,0.0,21.93531608581543,27.22222137451172,0.0
179,12.0,1.0,3.814697265625e-06,0.0,0.0,-1.0420626401901245,0.0,24.103919982910156,27.22222137451172,0.0
180,13.0,1.0,5.7220458984375e-06,0.125,0.0,-0.6287098526954651,0.0,24.437393188476562,27.22222137451172,0.0
181,14.0,1.0,5.7220458984375e-06,0.125,0.0,-0.3764307498931885,0.0,25.34521484375,27.22222137451172,0.0
182,15.0,2.0,9.5367431640625e-06,0.25,-0.04744463786482811,0.04744463786482811,0.04744463786482811,24.949054718017578,27.22222137451172,0.0
183,16.0,1.0,1.1444091796875e-05,0.125,0.0,-0.3231239914894104,0.0,26.389741897583008,27.22222137451172,0.0
184,17.0,1.0,7.62939453125e-06,0.0,0.0,-0.556738018989563,0.0,28.200477600097656,27.22222137451172,0.9782562255859375
185,18.0,3.0,5.7220458984375e-06,0.5,-2.0464537143707275,2.0464537143707275,2.0464537143707275,23.05957794189453,27.22222137451172,0.0
186,19.0,3.0,5.7220458984375e-06,0.0,-0.6814900636672974,0.6814900636672974,0.6814900636672974,26.05513572692871,27.22222137451172,0.0
187,20.0,3.0,3.814697265625e-06,0.0,-1.0584359169006348,1.0584359169006348,1.0584359169006348,27.118419647216797,27.22222137451172,0.0
188,21.0,3.0,3.814697265625e-06,0.25,-1.8708724975585938,1.8708724975585938,1.8708724975585938,24.35803985595703,27.22222137451172,0.0
189,22.0,3.0,3.814697265625e-06,0.0,-0.5447744131088257,0.5447744131088257,0.5447744131088257,26.310836791992188,27.22222137451172,0.0
190,23.0,2.0,5.7220458984375e-06,0.0,-0.3604939579963684,0.3604939579963684,0.3604939579963684,27.068115234375,27.22222137451172,0.0
191,24.0,2.0,5.7220458984375e-06,0.0,-0.3560788035392761,0.3560788035392761,0.3560788035392761,27.506175994873047,27.22222137451172,0.2839546203613281
192,1.0,3.0,0.003353118896484375,0.0,-0.6707591414451599,0.6707591414451599,0.6707591414451599,27.785709381103516,27.11111068725586,0.6745986938476562
193,2.0,3.0,0.0013275146484375,0.0,-0.34507817029953003,0.34507817029953003,0.34507817029953003,27.99291229248047,27.0,0.9929122924804688
194,3.0,3.0,0.0023403167724609375,0.125,-0.8651395440101624,0.8651395440101624,0.8651395440101624,25.46738052368164,26.88888931274414,0.0
195,4.0,3.0,0.0020599365234375,0.0,-0.35007867217063904,0.35007867217063904,0.35007867217063904,26.819988250732422,26.77777862548828,0.042209625244140625
196,5.0,3.0,0.0033206939697265625,0.0,-0.34860697388648987,0.34860697388648987,0.34860697388648987,27.20853614807129,26.66666603088379,0.5418701171875
197,6.0,3.0,0.002330780029296875,0.125,-0.8624793291091919,0.8624793291091919,0.8624793291091919,25.031173706054688,26.55555534362793,0.0
198,7.0,3.0,0.0019626617431640625,0.0,-1.1771295070648193,1.1771295070648193,1.1771295070648193,26.582420349121094,26.38888931274414,0.19353103637695312
199,8.0,3.0,0.0007534027099609375,0.0,-0.09793445467948914,0.09793445467948914,0.09793445467948914,27.534921646118164,26.27777862548828,1.2571430206298828
200,9.0,3.0,0.0007801055908203125,0.0,-1.3969422578811646,1.3969422578811646,1.3969422578811646,28.421005249023438,26.16666603088379,2.2543392181396484
201,10.0,3.0,0.0012760162353515625,0.0,0.0,-0.6303125619888306,0.0,29.161083221435547,26.05555534362793,3.105527877807617
202,11.0,2.0,0.000492095947265625,0.25,-0.10069479793310165,0.10069479793310165,0.10069479793310165,26.130653381347656,25.94444465637207,0.18620872497558594
203,12.0,2.0,0.000881195068359375,0.25,-0.4834986627101898,0.4834986627101898,0.4834986627101898,26.2803955078125,25.83333396911621,0.44706153869628906
204,13.0,2.0,0.001861572265625,0.25,-0.6687387228012085,0.6687387228012085,0.6687387228012085,26.416824340820312,25.72222137451172,0.6946029663085938
205,14.0,2.0,0.005428314208984375,0.0,0.0,-0.08942629396915436,0.0,28.87912368774414,25.61111068725586,3.2680130004882812
206,15.0,2.0,0.0207977294921875,0.125,-1.0013437271118164,1.0013437271118164,1.0013437271118164,28.33237648010254,25.5,2.832376480102539
207,16.0,2.0,0.0049533843994140625,0.125,-0.709495484828949,0.709495484828949,0.709495484828949,28.84296417236328,25.38888931274414,3.4540748596191406
208,17.0,3.0,0.0020084381103515625,0.125,-0.26542529463768005,0.26542529463768005,0.26542529463768005,29.048152923583984,25.27777862548828,3.770374298095703
209,18.0,2.0,0.0041065216064453125,0.0,-0.1961147040128708,0.1961147040128708,0.1961147040128708,30.53752899169922,25.11111068725586,5.426418304443359
210,19.0,2.0,0.0013027191162109375,0.25,-1.4265245199203491,1.4265245199203491,1.4265245199203491,26.78009796142578,25.0,1.7800979614257812
211,20.0,2.0,0.0013866424560546875,0.0,-0.9786856770515442,0.9786856770515442,0.9786856770515442,29.01270294189453,24.88888931274414,4.123813629150391
212,21.0,3.0,0.001708984375,0.25,-1.63816237449646,1.63816237449646,1.63816237449646,25.017230987548828,24.77777862548828,0.23945236206054688
213,22.0,3.0,0.0018901824951171875,0.125,-1.1490321159362793,1.1490321159362793,1.1490321159362793,26.076507568359375,24.66666603088379,1.409841537475586
214,23.0,3.0,0.003505706787109375,0.0,-0.48252609372138977,0.48252609372138977,0.48252609372138977,27.783235549926758,24.55555534362793,3.227680206298828
215,24.0,3.0,0.10855293273925781,0.0,-0.3938917815685272,0.3938917815685272,0.3938917815685272,28.33265495300293,22.77777862548828,5.554876327514648
216,1.0,3.0,-0.003154754638671875,0.125,-0.8705418109893799,0.8705418109893799,0.8705418109893799,25.663131713867188,23.22222137451172,2.4409103393554688
217,2.0,3.0,0.09908676147460938,0.0,-0.34507817029953003,0.34507817029953003,0.34507817029953003,27.2806396484375,22.22222137451172,5.058418273925781
218,3.0,3.0,0.00807952880859375,0.125,-1.0829113721847534,1.0829113721847534,1.0829113721847534,24.324859619140625,22.22222137451172,2.1026382446289062
219,4.0,3.0,0.0009307861328125,0.0,-0.35007867217063904,0.35007867217063904,0.35007867217063904,25.95998191833496,22.22222137451172,3.737760543823242
220,5.0,3.0,0.0001373291015625,0.0,-0.34860697388648987,0.34860697388648987,0.34860697388648987,26.139583587646484,22.22222137451172,3.9173622131347656
221,6.0,3.0,2.288818359375e-05,0.125,-2.2451012134552,2.2451012134552,2.2451012134552,23.735454559326172,22.22222137451172,1.5132331848144531
222,7.0,3.0,1.1444091796875e-05,0.0,-0.30128347873687744,0.30128347873687744,0.30128347873687744,25.329681396484375,22.22222137451172,3.1074600219726562
223,8.0,3.0,-0.0008525848388671875,0.125,-0.5712200403213501,0.5712200403213501,0.5712200403213501,23.968734741210938,22.33333396911621,1.6354007720947266
224,9.0,2.0,-0.00160980224609375,0.125,-0.12235269695520401,0.12235269695520401,0.12235269695520401,24.593460083007812,22.77777862548828,1.8156814575195312
225,10.0,2.0,-0.06858253479003906,0.0,0.0,-0.7491872310638428,0.0,26.447280883789062,24.44444465637207,2.002836227416992
226,11.0,1.0,-0.0001316070556640625,0.25,-0.06355869770050049,0.06355869770050049,0.06355869770050049,24.083576202392578,24.44444465637207,0.0
227,12.0,1.0,3.814697265625e-06,0.0,0.0,-1.1795684099197388,0.0,26.648895263671875,24.44444465637207,2.2044506072998047
228,13.0,2.0,7.62939453125e-06,0.0,0.0,-0.9936406016349792,0.0,27.83962631225586,24.44444465637207,3.395181655883789
229,14.0,2.0,1.33514404296875e-05,0.25,-0.023419911041855812,0.023419911041855812,0.023419911041855812,26.101240158081055,24.44444465637207,1.6567955017089844
230,15.0,3.0,0.00029754638671875,0.25,-0.011390730738639832,0.011390730738639832,0.011390730738639832,26.757518768310547,24.44444465637207,2.3130741119384766
231,16.0,2.0,-0.008420944213867188,0.125,0.0,-0.12951886653900146,0.0,28.09117889404297,24.55555534362793,3.535623550415039
232,17.0,2.0,-0.04097747802734375,0.5,-6.1679229736328125,6.1679229736328125,6.1679229736328125,24.587730407714844,26.27777862548828,0.0
233,18.0,2.0,0.15653419494628906,0.0,-0.07977397739887238,0.07977397739887238,0.07977397739887238,27.938358306884766,24.16666603088379,3.7716922760009766
234,19.0,2.0,0.0004119873046875,0.25,-2.348127603530884,2.348127603530884,2.348127603530884,25.306026458740234,24.27777862548828,1.0282478332519531
235,20.0,2.0,-0.001949310302734375,0.375,-2.396792411804199,2.396792411804199,2.396792411804199,24.2519474029541,24.44444465637207,0.0
236,21.0,2.0,-2.6702880859375e-05,0.75,-4.249844074249268,4.249844074249268,4.249844074249268,20.746065139770508,24.44444465637207,0.0
237,22.0,2.0,-0.0152740478515625,0.0,-0.6075669527053833,0.6075669527053833,0.6075669527053833,23.427188873291016,25.77777862548828,0.0
238,23.0,2.0,0.06852340698242188,0.0,-1.028313398361206,1.028313398361206,1.028313398361206,25.066104888916016,24.44444465637207,0.6216602325439453
239,24.0,2.0,0.001071929931640625,0.375,-1.897186279296875,1.897186279296875,1.897186279296875,19.75093650817871,24.44444465637207,0.0
240,1.0,3.0,0.07415390014648438,0.0,-0.35421058535575867,0.35421058535575867,0.35421058535575867,22.778953552246094,23.22222137451172,0.0
241,2.0,3.0,0.03867149353027344,0.0,-0.3527388870716095,0.3527388870716095,0.3527388870716095,23.718360900878906,22.22222137451172,1.4961395263671875
242,3.0,3.0,0.00130462646484375,0.125,-0.8651395440101624,0.8651395440101624,0.8651395440101624,22.165771484375,22.22222137451172,0.0
243,4.0,3.0,0.0001773834228515625,0.0,-0.35007867217063904,0.35007867217063904,0.35007867217063904,23.870983123779297,22.22222137451172,1.6487617492675781
244,5.0,3.0,2.47955322265625e-05,0.0,-0.3357362449169159,0.3357362449169159,0.3357362449169159,24.156349182128906,22.22222137451172,1.9341278076171875
245,6.0,2.0,1.71661376953125e-05,0.0,-0.3468944728374481,0.3468944728374481,0.3468944728374481,24.396955490112305,22.22222137451172,2.174734115600586
246,7.0,2.0,1.33514404296875e-05,0.125,-0.8499372005462646,0.8499372005462646,0.8499372005462646,22.553123474121094,22.22222137451172,0.330902099609375
247,8.0,1.0,-0.001583099365234375,0.25,-2.1625139713287354,2.1625139713287354,2.1625139713287354,21.404155731201172,22.33333396911621,0.0
248,9.0,1.0,0.0022296905517578125,0.125,-1.3131822347640991,1.3131822347640991,1.3131822347640991,22.680374145507812,22.22222137451172,0.45815277099609375
249,10.0,1.0,-0.010366439819335938,0.125,-0.3520084023475647,0.3520084023475647,0.3520084023475647,23.29351043701172,23.33333396911621,0.0
250,11.0,1.0,-0.000644683837890625,0.0,0.0,-0.5522568821907043,0.0,25.401132583618164,23.88888931274414,1.5122432708740234
251,12.0,1.0,-0.002063751220703125,0.0,0.0,-0.8463038802146912,0.0,26.423274993896484,24.44444465637207,1.978830337524414
252,13.0,1.0,-2.288818359375e-05,0.0,0.0,-1.100285291671753,0.0,27.352170944213867,24.44444465637207,2.907726287841797
253,14.0,1.0,7.62939453125e-06,0.125,0.0,-0.49112480878829956,0.0,26.741558074951172,24.44444465637207,2.2971134185791016
254,15.0,1.0,0.19470977783203125,0.0,-5.203329086303711,5.203329086303711,5.203329086303711,28.599464416503906,23.61111068725586,4.988353729248047
255,16.0,1.0,0.011547088623046875,0.125,0.0,-0.30846837162971497,0.0,27.699649810791016,23.33333396911621,4.366315841674805
256,17.0,1.0,-0.03272247314453125,0.0,-0.19316093623638153,0.19316093623638153,0.19316093623638153,29.531280517578125,24.16666603088379,5.364614486694336
257,18.0,1.0,-0.03276252746582031,0.0,-0.5760786533355713,0.5760786533355713,0.5760786533355713,30.072513580322266,24.44444465637207,5.628068923950195
258,19.0,2.0,-0.0006847381591796875,0.0,-0.836626410484314,0.836626410484314,0.836626410484314,30.520366668701172,24.44444465637207,6.075922012329102
259,20.0,2.0,0.0,0.0,-0.5181800127029419,0.5181800127029419,0.5181800127029419,30.536842346191406,24.44444465637207,6.092397689819336
260,21.0,2.0,7.62939453125e-06,0.625,-3.015484094619751,3.015484094619751,3.015484094619751,20.431203842163086,24.44444465637207,0.0
261,22.0,2.0,7.62939453125e-06,0.375,-1.904771327972412,1.904771327972412,1.904771327972412,21.90847396850586,24.44444465637207,0.0
262,23.0,3.0,9.5367431640625e-06,0.125,-0.8741964101791382,0.8741964101791382,0.8741964101791382,23.61727523803711,24.44444465637207,0.0
263,24.0,3.0,0.088714599609375,0.0,-0.8147399425506592,0.8147399425506592,0.8147399425506592,25.68463134765625,22.77777862548828,2.9068527221679688
264,1.0,3.0,-0.0032787322998046875,0.125,-0.867913007736206,0.867913007736206,0.867913007736206,23.592601776123047,23.22222137451172,0.3703804016113281
265,2.0,3.0,0.09251785278320312,0.125,-0.8664413690567017,0.8664413690567017,0.8664413690567017,23.53302764892578,22.22222137451172,1.3108062744140625
266,3.0,3.0,0.0027523040771484375,0.125,-0.8651395440101624,0.8651395440101624,0.8651395440101624,23.203372955322266,22.22222137451172,0.9811515808105469
267,4.0,3.0,0.00032806396484375,0.0,-0.35007867217063904,0.35007867217063904,0.35007867217063904,24.831321716308594,22.22222137451172,2.609100341796875
268,5.0,3.0,-1.33514404296875e-05,0.0,-0.34860697388648987,0.34860697388648987,0.34860697388648987,25.13010025024414,22.22222137451172,2.907878875732422
269,6.0,3.0,1.52587890625e-05,0.0,-0.3468944728374481,0.3468944728374481,0.3468944728374481,25.40758514404297,22.22222137451172,3.18536376953125
270,7.0,2.0,1.1444091796875e-05,0.125,-0.8487145304679871,0.8487145304679871,0.8487145304679871,23.48202133178711,22.22222137451172,1.2597999572753906
271,8.0,2.0,-0.001132965087890625,0.0,-0.11037639528512955,0.11037639528512955,0.11037639528512955,25.260143280029297,22.33333396911621,2.926809310913086
272,9.0,1.0,-0.13589859008789062,0.0,0.0,-0.30443722009658813,0.0,25.967199325561523,24.44444465637207,1.5227546691894531
273,10.0,1.0,-8.392333984375e-05,0.125,-0.02666282467544079,0.02666282467544079,0.02666282467544079,25.027069091796875,24.44444465637207,0.5826244354248047
274,11.0,1.0,3.814697265625e-06,0.0,-0.017429426312446594,0.017429426312446594,0.017429426312446594,26.82588768005371,24.44444465637207,2.3814430236816406
275,12.0,1.0,5.7220458984375e-06,0.0,-0.008054452948272228,0.008054452948272228,0.008054452948272228,27.394180297851562,24.44444465637207,2.949735641479492
276,13.0,1.0,9.5367431640625e-06,0.25,0.0,-0.11086805909872055,0.0,25.132963180541992,24.44444465637207,0.6885185241699219
277,14.0,1.0,1.1444091796875e-05,0.125,0.0,-0.510084331035614,0.0,26.666854858398438,24.44444465637207,2.222410202026367
278,15.0,1.0,1.1444091796875e-05,0.0,0.0,-1.038109540939331,0.0,28.55208396911621,24.44444465637207,4.107639312744141
279,16.0,1.0,9.5367431640625e-06,0.125,-1.699247121810913,1.699247121810913,1.699247121810913,27.962276458740234,24.44444465637207,3.517831802368164
280,17.0,1.0,5.7220458984375e-06,0.375,-6.753827095031738,6.753827095031738,6.753827095031738,25.877403259277344,24.44444465637207,1.4329586029052734
281,18.0,3.0,3.814697265625e-06,0.5,-2.9630112648010254,2.9630112648010254,2.9630112648010254,24.888263702392578,24.44444465637207,0.4438190460205078
282,19.0,2.0,3.814697265625e-05,0.25,-2.3321585655212402,2.3321585655212402,2.3321585655212402,26.09581756591797,24.44444465637207,1.6513729095458984
283,20.0,2.0,5.7220458984375e-06,0.375,-2.8727688789367676,2.8727688789367676,2.8727688789367676,23.895854949951172,24.44444465637207,0.0
284,21.0,2.0,7.62939453125e-06,0.0,-1.1457839012145996,1.1457839012145996,1.1457839012145996,26.57693862915039,24.44444465637207,2.1324939727783203
285,22.0,3.0,1.71661376953125e-05,0.125,-1.1961658000946045,1.1961658000946045,1.1961658000946045,25.47783660888672,24.44444465637207,1.0333919525146484
286,23.0,2.0,9.5367431640625e-06,0.0,-0.588736891746521,0.588736891746521,0.588736891746521,27.14798355102539,24.44444465637207,2.7035388946533203
287,24.0,3.0,0.11309051513671875,0.0,-0.3560788035392761,0.3560788035392761,0.3560788035392761,27.574295043945312,22.22222137451172,5.352073669433594
288,1.0,3.0,-0.0013217926025390625,0.125,-0.867913007736206,0.867913007736206,0.867913007736206,25.114341735839844,23.27777862548828,1.8365631103515625
289,2.0,3.0,0.09187889099121094,0.0,-0.3527388870716095,0.3527388870716095,0.3527388870716095,26.81148910522461,22.22222137451172,4.589267730712891
290,3.0,3.0,0.003292083740234375,0.125,-0.8651395440101624,0.8651395440101624,0.8651395440101624,24.11079216003418,22.22222137451172,1.888570785522461
291,4.0,3.0,0.00035858154296875,0.0,-0.35007867217063904,0.35007867217063904,0.35007867217063904,25.89410972595215,22.22222137451172,3.6718883514404297
292,5.0,3.0,4.00543212890625e-05,0.0,-0.34860697388648987,0.34860697388648987,0.34860697388648987,26.2144718170166,22.22222137451172,3.992250442504883
293,6.0,3.0,1.71661376953125e-05,0.0,-0.3487769067287445,0.3487769067287445,0.3487769067287445,26.52352523803711,22.22222137451172,4.301303863525391
294,7.0,2.0,9.5367431640625e-06,0.875,-3.904571056365967,3.904571056365967,3.904571056365967,16.21910285949707,22.22222137451172,0.0
295,8.0,1.0,-0.000423431396484375,0.0,-0.052045077085494995,0.052045077085494995,0.052045077085494995,19.34987449645996,22.27777862548828,0.0
296,9.0,1.0,0.000423431396484375,0.125,-0.21093380451202393,0.21093380451202393,0.21093380451202393,20.076175689697266,22.22222137451172,0.0
297,10.0,1.0,-0.1387653350830078,0.125,0.0,-0.1732242852449417,0.0,21.744388580322266,24.44444465637207,0.0
298,11.0,2.0,-3.0517578125e-05,0.5,-1.1069529056549072,1.1069529056549072,1.1069529056549072,19.0047607421875,24.44444465637207,0.0
299,12.0,2.0,3.814697265625e-06,0.25,-0.050586067140102386,0.050586067140102386,0.050586067140102386,21.02110481262207,24.44444465637207,0.0
300,13.0,2.0,5.7220458984375e-06,0.0,0.0,-1.0798332691192627,0.0,23.94721031188965,24.44444465637207,0.0
301,14.0,2.0,9.5367431640625e-06,0.25,0.0,-0.1325228363275528,0.0,22.457412719726562,24.44444465637207,0.0
302,15.0,2.0,1.33514404296875e-05,0.0,0.0,-1.032222032546997,0.0,25.3502197265625,24.44444465637207,0.9057750701904297
303,16.0,3.0,9.5367431640625e-06,0.625,-2.780080556869507,2.780080556869507,2.780080556869507,19.81540870666504,24.44444465637207,0.0
304,17.0,3.0,5.7220458984375e-06,0.0,-0.5642350912094116,0.5642350912094116,0.5642350912094116,23.628822326660156,24.44444465637207,0.0
305,18.0,3.0,3.814697265625e-06,0.5,-2.018521308898926,2.018521308898926,2.018521308898926,20.220947265625,24.44444465637207,0.0
306,19.0,3.0,3.814697265625e-06,0.0,-0.43507087230682373,0.43507087230682373,0.43507087230682373,23.76637840270996,24.44444465637207,0.0
307,20.0,3.0,5.7220458984375e-06,0.0,-1.6135226488113403,1.6135226488113403,1.6135226488113403,24.96721649169922,24.44444465637207,0.5227718353271484
308,21.0,3.0,5.7220458984375e-06,0.25,-2.2512893676757812,2.2512893676757812,2.2512893676757812,22.725093841552734,24.44444465637207,0.0
309,22.0,3.0,7.62939453125e-06,0.125,-0.9679216146469116,0.9679216146469116,0.9679216146469116,23.871070861816406,24.44444465637207,0.0
310,23.0,3.0,9.5367431640625e-06,0.0,-0.4215100109577179,0.4215100109577179,0.4215100109577179,25.419803619384766,24.44444465637207,0.9753589630126953
311,24.0,3.0,7.62939453125e-06,0.0,-0.8293225765228271,0.8293225765228271,0.8293225765228271,25.848756790161133,24.44444465637207,1.4043121337890625
312,1.0,3.0,0.06706428527832031,0.0,-0.35421058535575867,0.35421058535575867,0.35421058535575867,26.198678970336914,23.27777862548828,2.920900344848633
313,2.0,3.0,0.02773284912109375,0.0,-0.3527388870716095,0.3527388870716095,0.3527388870716095,26.3665771484375,22.22222137451172,4.144355773925781
314,3.0,3.0,0.000385284423828125,0.125,-0.8651395440101624,0.8651395440101624,0.8651395440101624,23.607059478759766,22.22222137451172,1.3848381042480469
315,4.0,3.0,3.814697265625e-05,0.0,-0.35007867217063904,0.35007867217063904,0.35007867217063904,25.242450714111328,22.22222137451172,3.0202293395996094
316,5.0,3.0,1.71661376953125e-05,0.0,-0.34860697388648987,0.34860697388648987,0.34860697388648987,25.501522064208984,22.22222137451172,3.2793006896972656
317,6.0,3.0,-3.24249267578125e-05,0.0,-0.3468944728374481,0.3468944728374481,0.3468944728374481,25.801511764526367,22.22222137451172,3.5792903900146484
318,7.0,3.0,7.62939453125e-06,0.0,-0.773635745048523,0.773635745048523,0.773635745048523,26.31924057006836,22.22222137451172,4.097019195556641
319,8.0,3.0,-0.000392913818359375,0.625,-5.1511054039001465,5.1511054039001465,5.1511054039001465,17.92637062072754,22.27777862548828,0.0
320,9.0,1.0,-0.00150299072265625,0.0,0.0,-0.337597131729126,0.0,21.041364669799805,22.77777862548828,0.0
321,10.0,1.0,-0.07870292663574219,0.125,0.0,-0.20566785335540771,0.0,22.121990203857422,24.44444465637207,0.0
322,11.0,1.0,-8.0108642578125e-05,0.0,0.0,-1.0019334554672241,0.0,24.71642303466797,24.44444465637207,0.27197837829589844
323,12.0,1.0,3.814697265625e-06,0.0,0.0,-1.07184898853302,0.0,25.831924438476562,24.44444465637207,1.3874797821044922
324,13.0,1.0,-0.001934051513671875,0.625,-3.7822558879852295,3.7822558879852295,3.7822558879852295,20.06527328491211,25.66666603088379,0.0
325,14.0,2.0,-0.005504608154296875,0.0,-1.071484088897705,1.071484088897705,1.071484088897705,23.457195281982422,26.66666603088379,0.0
326,15.0,2.0,-0.000247955322265625,0.0,0.0,-1.0266070365905762,0.0,25.824996948242188,26.66666603088379,0.0
327,16.0,3.0,-1.33514404296875e-05,0.125,0.0,-0.2417220175266266,0.0,26.036956787109375,26.66666603088379,0.0
328,17.0,3.0,5.7220458984375e-06,0.0,0.0,-0.4753243625164032,0.0,27.928421020507812,26.66666603088379,1.2617549896240234
329,18.0,2.0,5.7220458984375e-06,0.0,0.0,-0.10436397790908813,0.0,28.570756912231445,26.66666603088379,1.9040908813476562
330,19.0,3.0,0.02144622802734375,0.0,-0.42546793818473816,0.42546793818473816,0.42546793818473816,29.129371643066406,25.33333396911621,3.7960376739501953
331,20.0,3.0,0.009313583374023438,0.0,-0.7432829141616821,0.7432829141616821,0.7432829141616821,29.134517669677734,24.44444465637207,4.690073013305664
332,21.0,3.0,9.34600830078125e-05,0.125,-1.124459981918335,1.124459981918335,1.124459981918335,27.077476501464844,24.44444465637207,2.6330318450927734
333,22.0,3.0,9.5367431640625e-06,0.125,-1.0584769248962402,1.0584769248962402,1.0584769248962402,26.823104858398438,24.44444465637207,2.378660202026367
334,23.0,3.0,7.62939453125e-06,0.0,-0.5866143703460693,0.5866143703460693,0.5866143703460693,28.369890213012695,24.44444465637207,3.925445556640625
335,24.0,3.0,9.5367431640625e-06,0.0,-0.3560788035392761,0.3560788035392761,0.3560788035392761,28.786422729492188,24.44444465637207,4.341978073120117
336,1.0,3.0,0.09592819213867188,0.0,-0.35421058535575867,0.35421058535575867,0.35421058535575867,29.096107482910156,23.27777862548828,5.818328857421875
337,2.0,3.0,0.03991889953613281,0.0,-0.3527388870716095,0.3527388870716095,0.3527388870716095,29.26734161376953,22.22222137451172,7.0451202392578125
338,3.0,3.0,0.0009822845458984375,0.125,-0.8651395440101624,0.8651395440101624,0.8651395440101624,25.768640518188477,22.22222137451172,3.546419143676758
339,4.0,3.0,0.0001220703125,0.0,-0.35007867217063904,0.35007867217063904,0.35007867217063904,27.545886993408203,22.22222137451172,5.323665618896484
340,5.0,3.0,5.7220458984375e-05,0.0,-1.412024736404419,1.412024736404419,1.412024736404419,27.76941680908203,22.22222137451172,5.5471954345703125
341,6.0,3.0,-2.6702880859375e-05,0.0,-0.3450120687484741,0.3450120687484741,0.3450120687484741,28.04212188720703,22.22222137451172,5.8199005126953125
342,7.0,1.0,7.62939453125e-06,0.375,-1.8588621616363525,1.8588621616363525,1.8588621616363525,20.215534210205078,22.22222137451172,0.0
343,8.0,1.0,-0.0002689361572265625,0.0,-0.10976297408342361,0.10976297408342361,0.10976297408342361,23.375255584716797,22.27777862548828,1.0974769592285156
344,9.0,1.0,-0.002422332763671875,0.0,-0.6695652604103088,0.6695652604103088,0.6695652604103088,25.199142456054688,22.77777862548828,2.4213638305664062
345,10.0,1.0,-0.07120132446289062,0.125,0.0,-0.1547776460647583,0.0,24.892375946044922,24.44444465637207,0.44793128967285156
346,11.0,1.0,-9.72747802734375e-05,0.0,0.0,-0.8657894134521484,0.0,26.89405632019043,24.44444465637207,2.4496116638183594
347,12.0,1.0,3.814697265625e-06,0.0,0.0,-1.0811127424240112,0.0,27.762699127197266,24.44444465637207,3.3182544708251953
348,13.0,2.0,7.62939453125e-06,0.0,0.0,-1.0756162405014038,0.0,28.776315689086914,24.44444465637207,4.331871032714844
349,14.0,2.0,-0.05149650573730469,0.0,0.0,-1.0898463726043701,0.0,29.576465606689453,25.33333396911621,4.243131637573242
350,15.0,3.0,0.10336494445800781,0.25,-1.0005970001220703,1.0005970001220703,1.0005970001220703,27.049957275390625,24.44444465637207,2.6055126190185547
351,16.0,2.0,0.001461029052734375,0.125,0.0,-0.19636820256710052,0.0,28.477798461914062,24.44444465637207,4.033353805541992
352,17.0,2.0,6.67572021484375e-05,0.125,-0.034075092524290085,0.034075092524290085,0.034075092524290085,28.74703598022461,24.44444465637207,4.302591323852539
353,18.0,2.0,5.7220458984375e-06,0.0,-1.1732442378997803,1.1732442378997803,1.1732442378997803,30.46954345703125,24.44444465637207,6.02509880065918
354,19.0,2.0,5.7220458984375e-06,0.25,-1.615637183189392,1.615637183189392,1.615637183189392,27.015308380126953,24.44444465637207,2.570863723754883
355,20.0,3.0,5.7220458984375e-06,0.0,-0.5922967791557312,0.5922967791557312,0.5922967791557312,29.54312515258789,24.44444465637207,5.09868049621582
356,21.0,3.0,7.62939453125e-06,0.25,-1.63816237449646,1.63816237449646,1.63816237449646,25.730976104736328,24.44444465637207,1.2865314483642578
357,22.0,3.0,7.62939453125e-06,0.125,-2.8487958908081055,2.8487958908081055,2.8487958908081055,26.83022689819336,24.44444465637207,2.385782241821289
358,23.0,3.0,5.7220458984375e-06,0.0,-0.4215100109577179,0.4215100109577179,0.4215100109577179,28.570295333862305,24.44444465637207,4.125850677490234
359,24.0,3.0,1.1444091796875e-05,0.0,-0.3560788035392761,0.3560788035392761,0.3560788035392761,29.112812042236328,24.44444465637207,4.668367385864258
360,1.0,3.0,0.09476089477539062,0.0,-0.35421058535575867,0.35421058535575867,0.35421058535575867,29.41119384765625,23.27777862548828,6.133415222167969
361,2.0,3.0,0.040256500244140625,0.0,-0.3527388870716095,0.3527388870716095,0.3527388870716095,29.55933380126953,22.22222137451172,7.3371124267578125
362,3.0,3.0,0.001300811767578125,0.125,-0.8651395440101624,0.8651395440101624,0.8651395440101624,26.339418411254883,22.22222137451172,4.117197036743164
363,4.0,3.0,0.0001678466796875,0.0,-0.35007867217063904,0.35007867217063904,0.35007867217063904,27.994604110717773,22.22222137451172,5.772382736206055
364,5.0,3.0,3.814697265625e-06,0.0,-0.3357362449169159,0.3357362449169159,0.3357362449169159,28.137733459472656,22.22222137451172,5.9155120849609375
365,6.0,3.0,1.52587890625e-05,0.125,-0.8605968952178955,0.8605968952178955,0.8605968952178955,25.361106872558594,22.22222137451172,3.138885498046875
366,7.0,3.0,1.1444091796875e-05,0.0,-0.34379640221595764,0.34379640221595764,0.34379640221595764,27.10953140258789,22.22222137451172,4.887310028076172
367,8.0,3.0,-0.0008983612060546875,0.625,-4.438344955444336,4.438344955444336,4.438344955444336,18.052621841430664,22.27777862548828,0.0
368,9.0,3.0,-0.0194244384765625,0.125,-0.3798346519470215,0.3798346519470215,0.3798346519470215,20.772377014160156,22.77777862548828,0.0
369,10.0,2.0,-0.0682830810546875,0.0,-0.14676064252853394,0.14676064252853394,0.14676064252853394,23.799436569213867,24.44444465637207,0.0
370,11.0,2.0,-0.0001239776611328125,0.5,-1.618301272392273,1.618301272392273,1.618301272392273,19.750215530395508,24.44444465637207,0.0
371,12.0,2.0,3.814697265625e-06,0.25,-0.1258825808763504,0.1258825808763504,0.1258825808763504,21.988670349121094,24.44444465637207,0.0
372,13.0,3.0,5.7220458984375e-06,1.0,-6.651150226593018,6.651150226593018,6.651150226593018,17.64034080505371,24.44444465637207,0.0
373,14.0,3.0,-0.0064411163330078125,0.125,0.0,-0.40015214681625366,0.0,20.929441452026367,25.0,0.0
374,15.0,2.0,-0.0067005157470703125,0.0,0.0,-0.6446906328201294,0.0,24.19339370727539,25.55555534362793,0.0
375,16.0,3.0,-0.010160446166992188,0.125,0.0,-0.1446961909532547,0.0,24.742006301879883,27.22222137451172,0.0
376,17.0,3.0,-0.0006771087646484375,0.125,-3.095310926437378,3.095310926437378,3.095310926437378,25.70199966430664,27.22222137451172,0.0
377,18.0,3.0,-5.7220458984375e-06,0.0,-1.5050020217895508,1.5050020217895508,1.5050020217895508,27.420284271240234,27.22222137451172,0.19806289672851562
378,19.0,3.0,5.7220458984375e-06,0.0,-0.8175526261329651,0.8175526261329651,0.8175526261329651,27.96122932434082,27.22222137451172,0.7390079498291016
379,20.0,3.0,5.7220458984375e-06,0.0,-0.9985082149505615,0.9985082149505615,0.9985082149505615,28.108192443847656,27.22222137451172,0.8859710693359375
380,21.0,3.0,-1.1444091796875e-05,0.5,-3.5777697563171387,3.5777697563171387,3.5777697563171387,21.552949905395508,27.22222137451172,0.0
381,22.0,3.0,-9.5367431640625e-06,0.375,-2.5340304374694824,2.5340304374694824,2.5340304374694824,22.153892517089844,27.22222137451172,0.0
382,23.0,3.0,5.7220458984375e-06,0.0,-0.48252609372138977,0.48252609372138977,0.48252609372138977,24.51323699951172,27.22222137451172,0.0
383,24.0,3.0,-5.7220458984375e-06,0.125,-0.8697812557220459,0.8697812557220459,0.8697812557220459,23.586875915527344,27.22222137451172,0.0
384,1.0,3.0,5.7220458984375e-06,0.0,-0.35421058535575867,0.35421058535575867,0.35421058535575867,25.04743194580078,27.22222137451172,0.0
385,2.0,3.0,-1.1444091796875e-05,0.25,-1.3801437616348267,1.3801437616348267,1.3801437616348267,21.718595504760742,27.22222137451172,0.0
386,3.0,3.0,3.814697265625e-06,0.125,-0.8651395440101624,0.8651395440101624,0.8651395440101624,22.626060485839844,27.22222137451172,0.0
387,4.0,3.0,-2.47955322265625e-05,0.375,-1.8911861181259155,1.8911861181259155,1.8911861181259155,20.151464462280273,27.22222137451172,0.0
388,5.0,3.0,-3.814697265625e-05,0.125,-0.862309455871582,0.862309455871582,0.862309455871582,21.546539306640625,27.22222137451172,0.0
389,6.0,3.0,-2.09808349609375e-05,0.0,-0.3487769067287445,0.3487769067287445,0.3487769067287445,23.355175018310547,27.22222137451172,0.0
390,7.0,3.0,1.9073486328125e-06,0.0,-0.30403462052345276,0.30403462052345276,0.30403462052345276,24.309057235717773,27.22222137451172,0.0
391,8.0,3.0,1.9073486328125e-06,0.0,-0.12697218358516693,0.12697218358516693,0.12697218358516693,25.164806365966797,27.22222137451172,0.0
392,9.0,3.0,1.9073486328125e-06,0.125,-0.7714487314224243,0.7714487314224243,0.7714487314224243,24.384885787963867,27.22222137451172,0.0
393,10.0,3.0,1.9073486328125e-06,0.0,0.0,-0.27717259526252747,0.0,25.86396598815918,27.22222137451172,0.0
394,11.0,3.0,3.814697265625e-06,0.0,0.0,-0.5358102321624756,0.0,26.7872257232666,27.22222137451172,0.0
395,12.0,2.0,0.029703140258789062,0.625,-2.212067127227783,2.212067127227783,2.212067127227783,20.779766082763672,25.55555534362793,0.0
396,13.0,2.0,0.08447265625,0.25,-6.4206061363220215,6.4206061363220215,6.4206061363220215,23.030303955078125,25.0,0.0
397,14.0,2.0,-0.009603500366210938,0.0,0.0,-0.06488997489213943,0.0,25.9529972076416,26.66666603088379,0.0
398,15.0,2.0,0.025465011596679688,0.25,-0.6657794117927551,0.6657794117927551,0.6657794117927551,24.648372650146484,25.55555534362793,0.0
399,16.0,2.0,0.1581745147705078,0.125,-1.161838412284851,1.161838412284851,1.161838412284851,26.484352111816406,23.5,2.9843521118164062
400,17.0,3.0,0.04450416564941406,0.125,-1.4563028812408447,1.4563028812408447,1.4563028812408447,26.816686630249023,23.33333396911621,3.4833526611328125
401,18.0,3.0,-0.017404556274414062,0.0,-0.20092672109603882,0.20092672109603882,0.20092672109603882,28.47397232055664,24.27777862548828,4.196193695068359
402,19.0,3.0,-0.019725799560546875,0.125,-1.0156874656677246,1.0156874656677246,1.0156874656677246,27.023487091064453,24.44444465637207,2.579042434692383
403,20.0,3.0,-0.032421112060546875,0.5,-2.938809871673584,2.938809871673584,2.938809871673584,22.782451629638672,25.33333396911621,0.0
404,21.0,3.0,-0.03140068054199219,0.5,-3.0298328399658203,3.0298328399658203,3.0298328399658203,22.373239517211914,26.66666603088379,0.0
405,22.0,3.0,0.0790863037109375,0.125,-1.0584769248962402,1.0584769248962402,1.0584769248962402,24.124792098999023,24.77777862548828,0.0
406,23.0,3.0,0.0069580078125,0.125,-0.9962285757064819,0.9962285757064819,0.9962285757064819,24.13272476196289,24.44444465637207,0.0
407,24.0,3.0,0.0001735687255859375,0.0,-0.37498530745506287,0.37498530745506287,0.37498530745506287,25.753623962402344,24.44444465637207,1.3091793060302734
408,1.0,3.0,0.11331558227539062,0.0,-0.3568393290042877,0.3568393290042877,0.3568393290042877,26.088193893432617,23.27777862548828,2.810415267944336
409,2.0,3.0,0.039478302001953125,0.0,-0.34507817029953003,0.34507817029953003,0.34507817029953003,26.267810821533203,22.22222137451172,4.045589447021484
410,3.0,3.0,0.001163482666015625,0.125,-0.8524714112281799,0.8524714112281799,0.8524714112281799,23.702899932861328,22.22222137451172,1.4806785583496094
411,4.0,3.0,0.0001049041748046875,0.0,-0.35007867217063904,0.35007867217063904,0.35007867217063904,25.212539672851562,22.22222137451172,2.9903182983398438
412,5.0,3.0,2.47955322265625e-05,0.0,-0.34860697388648987,0.34860697388648987,0.34860697388648987,25.355396270751953,22.22222137451172,3.1331748962402344
413,6.0,3.0,3.4332275390625e-05,0.0,-3.0323939323425293,3.0323939323425293,3.0323939323425293,25.542015075683594,22.22222137451172,3.319793701171875
414,7.0,1.0,1.9073486328125e-05,0.375,-2.5085856914520264,2.5085856914520264,2.5085856914520264,19.351808547973633,22.22222137451172,0.0
415,8.0,1.0,-0.000370025634765625,0.0,-0.14348652958869934,0.14348652958869934,0.14348652958869934,21.950607299804688,22.27777862548828,0.0
416,9.0,1.0,-0.0010776519775390625,0.0,0.0,-0.09780334681272507,0.0,23.42864418029785,22.77777862548828,0.6508655548095703
417,10.0,1.0,-0.07728004455566406,0.125,-0.2024179846048355,0.2024179846048355,0.2024179846048355,23.161457061767578,24.44444465637207,0.0
418,11.0,1.0,-0.0001220703125,0.0,-0.04975142702460289,0.04975142702460289,0.04975142702460289,25.036718368530273,24.44444465637207,0.5922737121582031
419,12.0,1.0,3.814697265625e-06,0.0,0.0,-0.6721116900444031,0.0,25.98851776123047,24.44444465637207,1.5440731048583984
420,13.0,1.0,-0.000812530517578125,0.375,-1.0209814310073853,1.0209814310073853,1.0209814310073853,22.430946350097656,24.5,0.0
421,14.0,1.0,-0.033557891845703125,0.5,-5.280433654785156,5.280433654785156,5.280433654785156,22.316503524780273,25.66666603088379,0.0
422,15.0,0.0,0.1251678466796875,0.0,0.0,-0.7522566914558411,0.0,25.626008987426758,24.44444465637207,1.1815643310546875
423,16.0,0.0,0.0031108856201171875,0.0,0.0,-0.5776183605194092,0.0,26.85462760925293,24.44444465637207,2.4101829528808594
424,17.0,0.0,4.1961669921875e-05,0.0,0.0,-0.12970088422298431,0.0,27.856521606445312,24.44444465637207,3.412076950073242
425,18.0,1.0,0.0034999847412109375,0.875,-4.054047584533691,4.054047584533691,4.054047584533691,17.367450714111328,24.22222137451172,0.0
426,19.0,1.0,0.016147613525390625,0.25,-1.3657957315444946,1.3657957315444946,1.3657957315444946,20.302072525024414,23.33333396911621,0.0
427,20.0,1.0,-0.002490997314453125,0.5,-4.467298984527588,4.467298984527588,4.467298984527588,17.69135856628418,23.55555534362793,0.0
428,21.0,3.0,-0.003002166748046875,0.0,-0.6107575297355652,0.6107575297355652,0.6107575297355652,21.017719268798828,24.44444465637207,0.0
429,22.0,3.0,-0.0001735687255859375,0.375,-4.693514347076416,4.693514347076416,4.693514347076416,16.93605613708496,24.44444465637207,0.0
430,23.0,3.0,3.814697265625e-06,0.0,-0.5435421466827393,0.5435421466827393,0.5435421466827393,20.146398544311523,24.44444465637207,0.0
431,24.0,3.0,9.5367431640625e-06,0.0,-0.37498530745506287,0.37498530745506287,0.37498530745506287,21.373165130615234,24.44444465637207,0.0
432,1.0,3.0,0.060146331787109375,0.0,-0.35421058535575867,0.35421058535575867,0.35421058535575867,22.21578025817871,23.27777862548828,0.0
433,2.0,3.0,0.03712654113769531,0.0,-0.3527388870716095,0.3527388870716095,0.3527388870716095,22.58582305908203,22.22222137451172,0.3636016845703125
434,3.0,3.0,0.001132965087890625,0.0,-0.3514370918273926,0.3514370918273926,0.3514370918273926,22.878000259399414,22.22222137451172,0.6557788848876953
435,4.0,3.0,0.0001468658447265625,0.0,-1.2342115640640259,1.2342115640640259,1.2342115640640259,23.099658966064453,22.22222137451172,0.8774375915527344
436,5.0,2.0,9.1552734375e-05,0.75,-3.4308218955993652,3.4308218955993652,3.4308218955993652,14.886335372924805,22.22222137451172,0.0
437,6.0,2.0,2.09808349609375e-05,0.0,-0.3487769067287445,0.3487769067287445,0.3487769067287445,17.940866470336914,22.22222137451172,0.0
438,7.0,2.0,1.33514404296875e-05,1.0,-4.45432186126709,4.45432186126709,4.45432186126709,12.5061616897583,22.22222137451172,0.0
439,8.0,1.0,-0.00115203857421875,0.0,-0.216424360871315,0.216424360871315,0.216424360871315,15.838408470153809,22.27777862548828,0.0
440,9.0,1.0,-0.0056056976318359375,0.875,-3.9601268768310547,3.9601268768310547,3.9601268768310547,11.192911148071289,22.77777862548828,0.0
441,10.0,1.0,-0.14426803588867188,0.0,-0.9722576141357422,0.9722576141357422,0.9722576141357422,14.88961124420166,24.44444465637207,0.0
442,11.0,2.0,-4.00543212890625e-05,0.0,0.0,-0.17037689685821533,0.0,17.359375,24.44444465637207,0.0
443,12.0,1.0,3.814697265625e-06,0.125,-0.19313068687915802,0.19313068687915802,0.19313068687915802,17.47327423095703,24.44444465637207,0.0
444,13.0,1.0,7.62939453125e-06,0.0,-0.31805720925331116,0.31805720925331116,0.31805720925331116,19.716800689697266,24.44444465637207,0.0
445,14.0,1.0,-0.021413803100585938,0.0,0.0,-0.05283172428607941,0.0,20.58688735961914,25.05555534362793,0.0
446,15.0,1.0,0.05196380615234375,0.625,-3.077885627746582,3.077885627746582,3.077885627746582,14.951835632324219,24.44444465637207,0.0
447,16.0,1.0,0.00116729736328125,0.0,-0.1317143589258194,0.1317143589258194,0.1317143589258194,18.4484920501709,24.44444465637207,0.0
448,17.0,3.0,4.76837158203125e-05,0.125,-0.6950019001960754,0.6950019001960754,0.6950019001960754,18.39569664001465,24.44444465637207,0.0
449,18.0,3.0,-3.24249267578125e-05,0.5,-2.4690511226654053,2.4690511226654053,2.4690511226654053,16.383052825927734,24.44444465637207,0.0
450,19.0,3.0,7.62939453125e-06,1.0,-4.896474361419678,4.896474361419678,4.896474361419678,15.058177947998047,24.44444465637207,0.0
451,20.0,3.0,1.52587890625e-05,0.0,-1.6971893310546875,1.6971893310546875,1.6971893310546875,18.496469497680664,24.44444465637207,0.0
452,21.0,3.0,7.62939453125e-06,0.25,-2.0804643630981445,2.0804643630981445,2.0804643630981445,15.376687049865723,24.44444465637207,0.0
453,22.0,3.0,7.62939453125e-06,0.125,-1.370181679725647,1.370181679725647,1.370181679725647,17.481632232666016,24.44444465637207,0.0
454,23.0,3.0,9.5367431640625e-06,0.0,-0.6426564455032349,0.6426564455032349,0.6426564455032349,19.513782501220703,24.44444465637207,0.0
455,24.0,3.0,9.5367431640625e-06,0.0,-0.577232837677002,0.577232837677002,0.577232837677002,20.20355224609375,24.44444465637207,0.0
456,1.0,3.0,0.054363250732421875,0.0,-0.35421058535575867,0.35421058535575867,0.35421058535575867,20.763534545898438,23.27777862548828,0.0
457,2.0,3.0,0.05667686462402344,0.875,-5.049643039703369,5.049643039703369,5.049643039703369,12.627510070800781,22.22222137451172,0.0
458,3.0,3.0,0.0013256072998046875,0.0,-0.3514370918273926,0.3514370918273926,0.3514370918273926,16.282564163208008,22.22222137451172,0.0
459,4.0,3.0,0.00016021728515625,0.0,-0.35007867217063904,0.35007867217063904,0.35007867217063904,17.548158645629883,22.22222137451172,0.0
460,5.0,3.0,0.000148773193359375,0.5,-3.1768760681152344,3.1768760681152344,3.1768760681152344,13.547733306884766,22.22222137451172,0.0
461,6.0,3.0,2.09808349609375e-05,1.0,-5.615439414978027,5.615439414978027,5.615439414978027,13.916487693786621,22.22222137451172,0.0
462,7.0,3.0,1.33514404296875e-05,0.75,-3.485943078994751,3.485943078994751,3.485943078994751,13.271977424621582,22.22222137451172,0.0
463,8.0,1.0,-0.0019054412841796875,0.0,-1.5849545001983643,1.5849545001983643,1.5849545001983643,16.527820587158203,22.27777862548828,0.0
464,9.0,1.0,0.00662994384765625,1.0,-4.9955668449401855,4.9955668449401855,4.9955668449401855,10.415680885314941,22.22222137451172,0.0
465,10.0,1.0,-0.23028564453125,0.0,0.0,-0.07792757451534271,0.0,14.015144348144531,24.44444465637207,0.0
466,11.0,1.0,-0.008680343627929688,0.0,0.0,-0.3374662697315216,0.0,16.475067138671875,24.44444465637207,0.0
467,12.0,1.0,-2.86102294921875e-05,0.5,-2.29087233543396,2.29087233543396,2.29087233543396,13.208501815795898,24.44444465637207,0.0
468,13.0,1.0,3.814697265625e-06,0.0,0.0,-0.4541109502315521,0.0,16.884124755859375,24.44444465637207,0.0
469,14.0,1.0,9.5367431640625e-06,0.125,-0.015334472060203552,0.015334472060203552,0.015334472060203552,16.732892990112305,24.44444465637207,0.0
470,15.0,1.0,0.02545928955078125,0.0,0.0,-0.468612402677536,0.0,19.38146209716797,24.16666603088379,0.0
471,16.0,1.0,0.03868293762207031,0.0,0.0,-0.30463698506355286,0.0,20.28624153137207,23.33333396911621,0.0
472,17.0,1.0,-0.002292633056640625,0.0,-0.9905862808227539,0.9905862808227539,0.9905862808227539,21.24750518798828,23.61111068725586,0.0
473,18.0,1.0,-0.0064220428466796875,0.5,-3.4281580448150635,3.4281580448150635,3.4281580448150635,15.796143531799316,24.44444465637207,0.0
474,19.0,2.0,-0.0002765655517578125,0.625,-3.0026843547821045,3.0026843547821045,3.0026843547821045,16.14559555053711,24.44444465637207,0.0
475,20.0,3.0,1.9073486328125e-06,0.25,-1.8412420749664307,1.8412420749664307,1.8412420749664307,17.374372482299805,24.44444465637207,0.0
476,21.0,3.0,5.7220458984375e-06,0.25,-1.776490569114685,1.776490569114685,1.776490569114685,17.24178123474121,24.44444465637207,0.0
477,22.0,3.0,7.62939453125e-06,0.125,-2.0688345432281494,2.0688345432281494,2.0688345432281494,18.604862213134766,24.44444465637207,0.0
478,23.0,3.0,7.62939453125e-06,0.0,-0.8619459867477417,0.8619459867477417,0.8619459867477417,20.5242919921875,24.44444465637207,0.0
479,24.0,3.0,1.52587890625e-05,0.0,-2.2038090229034424,2.2038090229034424,2.2038090229034424,21.092548370361328,24.44444465637207,0.0
480,1.0,3.0,0.037105560302734375,0.0,-0.5761474967002869,0.5761474967002869,0.5761474967002869,21.59747314453125,23.27777862548828,0.0
481,2.0,3.0,0.10505104064941406,0.0,-0.3527388870716095,0.3527388870716095,0.3527388870716095,21.91802215576172,22.22222137451172,0.0
482,3.0,3.0,0.0040607452392578125,0.0,-0.3514370918273926,0.3514370918273926,0.3514370918273926,22.223941802978516,22.22222137451172,0.001720428466796875
483,4.0,3.0,1.9073486328125e-05,0.0,-0.35007867217063904,0.35007867217063904,0.35007867217063904,22.523639678955078,22.22222137451172,0.3014183044433594
484,5.0,3.0,1.52587890625e-05,0.0,-0.7561901807785034,0.7561901807785034,0.7561901807785034,22.835792541503906,22.22222137451172,0.6135711669921875
485,6.0,2.0,1.71661376953125e-05,0.0,-0.3468944728374481,0.3468944728374481,0.3468944728374481,23.03911590576172,22.22222137451172,0.81689453125
486,7.0,1.0,9.5367431640625e-06,0.375,-1.8489059209823608,1.8489059209823608,1.8489059209823608,17.904726028442383,22.22222137451172,0.0
487,8.0,1.0,-0.0003261566162109375,0.0,-0.06792356073856354,0.06792356073856354,0.06792356073856354,20.677038192749023,22.27777862548828,0.0
488,9.0,1.0,-0.000133514404296875,0.0,0.0,-0.2953050136566162,0.0,22.239303588867188,22.77777862548828,0.0
489,10.0,1.0,-0.09313392639160156,0.125,0.0,-0.1355602890253067,0.0,22.313400268554688,24.44444465637207,0.0
490,11.0,1.0,-5.14984130859375e-05,0.0,0.0,-0.8206992745399475,0.0,24.34871482849121,24.44444465637207,0.0
491,12.0,2.0,5.7220458984375e-06,0.25,-1.2859662771224976,1.2859662771224976,1.2859662771224976,22.20977020263672,24.44444465637207,0.0
492,13.0,2.0,9.5367431640625e-06,0.25,-0.2753094434738159,0.2753094434738159,0.2753094434738159,23.148775100708008,24.44444465637207,0.0
493,14.0,1.0,-0.043552398681640625,0.875,-2.6541733741760254,2.6541733741760254,2.6541733741760254,18.919517517089844,24.77777862548828,0.0
494,15.0,1.0,-0.03812980651855469,0.0,0.0,-0.3910040557384491,0.0,22.533414840698242,25.0,0.0
495,16.0,1.0,0.00940704345703125,0.75,-2.5556204319000244,2.5556204319000244,2.5556204319000244,17.40876007080078,24.77777862548828,0.0
496,17.0,1.0,0.046405792236328125,0.0,0.0,-0.3957573473453522,0.0,21.652835845947266,23.33333396911621,0.0
497,18.0,2.0,-0.0020904541015625,0.125,-0.5359358191490173,0.5359358191490173,0.5359358191490173,22.39816665649414,23.77777862548828,0.0
498,19.0,3.0,-0.007837295532226562,0.125,-3.584524154663086,3.584524154663086,3.584524154663086,23.679950714111328,24.44444465637207,0.0
499,20.0,3.0,-0.00011444091796875,0.5,-3.081772804260254,3.081772804260254,3.081772804260254,19.623937606811523,24.44444465637207,0.0
500,21.0,3.0,3.814697265625e-06,0.125,-0.9606742858886719,0.9606742858886719,0.9606742858886719,21.846073150634766,24.44444465637207,0.0
501,22.0,3.0,5.7220458984375e-06,0.125,-1.845107078552246,1.845107078552246,1.845107078552246,22.17099380493164,24.44444465637207,0.0
502,23.0,3.0,7.62939453125e-06,0.0,-0.5798031091690063,0.5798031091690063,0.5798031091690063,24.000751495361328,24.44444465637207,0.0
503,24.0,3.0,9.5367431640625e-06,0.0,-0.3560788035392761,0.3560788035392761,0.3560788035392761,24.520322799682617,24.44444465637207,0.07587814331054688
504,1.0,3.0,0.09480476379394531,0.0,-0.35421058535575867,0.35421058535575867,0.35421058535575867,24.923446655273438,23.27777862548828,1.6456680297851562
505,2.0,3.0,0.03441429138183594,0.0,-0.3527388870716095,0.3527388870716095,0.3527388870716095,25.164339065551758,22.22222137451172,2.942117691040039
506,3.0,3.0,0.0008869171142578125,0.125,-0.8651395440101624,0.8651395440101624,0.8651395440101624,22.740209579467773,22.22222137451172,0.5179882049560547
507,4.0,3.0,0.000118255615234375,0.0,-0.35007867217063904,0.35007867217063904,0.35007867217063904,24.337158203125,22.22222137451172,2.1149368286132812
508,5.0,3.0,9.72747802734375e-05,0.0,-0.3357362449169159,0.3357362449169159,0.3357362449169159,24.63772201538086,22.22222137451172,2.4155006408691406
509,6.0,3.0,2.288818359375e-05,0.125,-2.470271587371826,2.470271587371826,2.470271587371826,22.614330291748047,22.22222137451172,0.3921089172363281
510,7.0,2.0,1.33514404296875e-05,0.125,-1.2589448690414429,1.2589448690414429,1.2589448690414429,22.773704528808594,22.22222137451172,0.551483154296875
511,8.0,2.0,-0.0003566741943359375,0.625,-2.727069854736328,2.727069854736328,2.727069854736328,18.294219970703125,22.27777862548828,0.0
512,9.0,2.0,-0.0017871856689453125,0.125,-0.6789021492004395,0.6789021492004395,0.6789021492004395,20.74085807800293,22.77777862548828,0.0
513,10.0,1.0,-0.06585884094238281,0.25,-0.35047242045402527,0.35047242045402527,0.35047242045402527,21.095714569091797,24.44444465637207,0.0
514,11.0,2.0,-9.918212890625e-05,0.875,-3.1070358753204346,3.1070358753204346,3.1070358753204346,18.318906784057617,24.44444465637207,0.0
515,12.0,2.0,3.814697265625e-06,0.25,-1.773008942604065,1.773008942604065,1.773008942604065,21.076126098632812,24.44444465637207,0.0
516,13.0,1.0,9.5367431640625e-06,0.25,-0.273721843957901,0.273721843957901,0.273721843957901,22.389034271240234,24.44444465637207,0.0
517,14.0,1.0,-0.00691986083984375,0.0,0.0,-1.1816695928573608,0.0,25.492938995361328,25.11111068725586,0.38182830810546875
518,15.0,2.0,0.010686874389648438,0.25,0.0,-0.014499357901513577,0.0,24.238605499267578,24.94444465637207,0.0
519,16.0,2.0,0.1402435302734375,0.125,-0.0877244621515274,0.0877244621515274,0.0877244621515274,26.36749839782715,23.33333396911621,3.0341644287109375
520,17.0,3.0,-0.0005817413330078125,0.125,0.0,-0.0056444876827299595,0.0,27.025127410888672,23.72222137451172,3.302906036376953
521,18.0,3.0,-0.010589599609375,0.0,0.0,-0.07843213528394699,0.0,28.803688049316406,24.44444465637207,4.359243392944336
522,19.0,3.0,-0.0001811981201171875,0.125,-0.9306001663208008,0.9306001663208008,0.9306001663208008,27.402694702148438,24.44444465637207,2.958250045776367
523,20.0,3.0,-2.09808349609375e-05,0.625,-3.162447452545166,3.162447452545166,3.162447452545166,21.630542755126953,24.44444465637207,0.0
524,21.0,3.0,5.7220458984375e-06,0.125,-1.7797051668167114,1.7797051668167114,1.7797051668167114,23.8593807220459,24.44444465637207,0.0
525,22.0,3.0,7.62939453125e-06,0.125,-1.1490321159362793,1.1490321159362793,1.1490321159362793,24.32967185974121,24.44444465637207,0.0
526,23.0,3.0,7.62939453125e-06,0.0,-0.4215100109577179,0.4215100109577179,0.4215100109577179,26.131999969482422,24.44444465637207,1.6875553131103516
527,24.0,3.0,9.5367431640625e-06,0.0,-0.37498530745506287,0.37498530745506287,0.37498530745506287,26.698631286621094,24.44444465637207,2.2541866302490234
528,1.0,3.0,0.08780097961425781,0.0,-0.35421058535575867,0.35421058535575867,0.35421058535575867,27.039932250976562,23.38888931274414,3.651042938232422
529,2.0,3.0,-0.0030155181884765625,0.25,-1.3801437616348267,1.3801437616348267,1.3801437616348267,22.47079849243164,24.44444465637207,0.0
530,3.0,3.0,-5.53131103515625e-05,0.0,-0.3514370918273926,0.3514370918273926,0.3514370918273926,24.575977325439453,24.44444465637207,0.1315326690673828
531,4.0,3.0,5.7220458984375e-06,0.0,-0.35007867217063904,0.35007867217063904,0.35007867217063904,25.26604461669922,24.44444465637207,0.8215999603271484
532,5.0,3.0,-4.76837158203125e-05,0.125,-0.862309455871582,0.862309455871582,0.862309455871582,23.51327896118164,24.44444465637207,0.0
533,6.0,3.0,7.62939453125e-06,0.125,-0.8624793291091919,0.8624793291091919,0.8624793291091919,23.415424346923828,24.44444465637207,0.0
534,7.0,3.0,5.7220458984375e-06,0.0,-0.7116307616233826,0.7116307616233826,0.7116307616233826,25.032989501953125,24.44444465637207,0.5885448455810547
535,8.0,3.0,0.030353546142578125,0.0,-0.10145055502653122,0.10145055502653122,0.10145055502653122,25.942949295043945,23.05555534362793,2.8873939514160156
536,9.0,3.0,0.022020339965820312,0.125,-0.17832712829113007,0.17832712829113007,0.17832712829113007,25.038808822631836,22.77777862548828,2.2610301971435547
537,10.0,2.0,-0.01375579833984375,0.0,-0.6008652448654175,0.6008652448654175,0.6008652448654175,26.8143310546875,24.16666603088379,2.647665023803711
538,11.0,2.0,-0.0016307830810546875,0.5,-7.104039669036865,7.104039669036865,7.104039669036865,21.667888641357422,24.44444465637207,0.0
539,12.0,2.0,-1.52587890625e-05,0.0,0.0,-1.144559621810913,0.0,24.857219696044922,24.44444465637207,0.41277503967285156
540,13.0,1.0,5.7220458984375e-06,0.125,-0.06635379791259766,0.06635379791259766,0.06635379791259766,25.46731185913086,24.44444465637207,1.022867202758789
541,14.0,2.0,9.5367431640625e-06,0.0,0.0,-0.8032835125923157,0.0,27.914216995239258,24.44444465637207,3.4697723388671875
542,15.0,2.0,0.000209808349609375,0.25,-2.599064350128174,2.599064350128174,2.599064350128174,26.16468048095703,24.44444465637207,1.720235824584961
543,16.0,2.0,1.52587890625e-05,0.125,-5.6363115310668945,5.6363115310668945,5.6363115310668945,27.85053062438965,24.44444465637207,3.406085968017578
544,17.0,1.0,3.814697265625e-06,0.0,0.0,-0.15906882286071777,0.0,29.42507553100586,24.44444465637207,4.980630874633789
545,18.0,2.0,0.00440216064453125,0.0,-0.15528148412704468,0.15528148412704468,0.15528148412704468,29.942543029785156,24.33333396911621,5.609209060668945
546,19.0,2.0,0.009033203125,0.25,-1.5662256479263306,1.5662256479263306,1.5662256479263306,26.295822143554688,23.88888931274414,2.406932830810547
547,20.0,3.0,-0.001743316650390625,0.5,-3.302704334259033,3.302704334259033,3.302704334259033,23.47476577758789,24.0,0.0
548,21.0,3.0,-0.0085906982421875,0.5,-3.372291326522827,3.372291326522827,3.372291326522827,22.643802642822266,24.44444465637207,0.0
549,22.0,3.0,-0.000560760498046875,0.375,-2.605208396911621,2.605208396911621,2.605208396911621,22.381175994873047,24.44444465637207,0.0
550,23.0,3.0,0.15958595275878906,0.0,-0.4215100109577179,0.4215100109577179,0.4215100109577179,25.307170867919922,22.22222137451172,3.084949493408203
551,24.0,3.0,0.00173187255859375,0.0,-0.3560788035392761,0.3560788035392761,0.3560788035392761,25.970752716064453,22.22222137451172,3.7485313415527344
552,1.0,3.0,-0.05599212646484375,0.125,-0.867913007736206,0.867913007736206,0.867913007736206,24.044158935546875,23.27777862548828,0.7663803100585938
553,2.0,3.0,0.020296096801757812,0.125,-0.8664413690567017,0.8664413690567017,0.8664413690567017,23.754562377929688,22.22222137451172,1.5323410034179688
554,3.0,3.0,-0.0021209716796875,0.0,-0.33876895904541016,0.33876895904541016,0.33876895904541016,25.175994873046875,23.66666603088379,1.509328842163086
555,4.0,3.0,-0.00238037109375,0.375,-1.891185998916626,1.891185998916626,1.891185998916626,19.412548065185547,23.88888931274414,0.0
556,5.0,3.0,0.07596778869628906,0.0,-0.34860697388648987,0.34860697388648987,0.34860697388648987,21.958507537841797,22.44444465637207,0.0
557,6.0,3.0,0.004764556884765625,0.125,-0.8624793291091919,0.8624793291091919,0.8624793291091919,20.87131118774414,22.22222137451172,0.0
558,7.0,3.0,0.0003604888916015625,0.0,-0.33445003628730774,0.33445003628730774,0.33445003628730774,22.90331268310547,22.22222137451172,0.68109130859375
559,8.0,2.0,-0.000640869140625,0.625,-2.6216444969177246,2.6216444969177246,2.6216444969177246,16.137357711791992,22.27777862548828,0.0
560,9.0,2.0,-0.114349365234375,0.875,-3.2561943531036377,3.2561943531036377,3.2561943531036377,17.307836532592773,24.44444465637207,0.0
561,10.0,1.0,-0.0001544952392578125,0.125,0.0,-0.21958255767822266,0.0,20.37493896484375,24.44444465637207,0.0
562,11.0,1.0,3.814697265625e-06,0.0,0.0,-0.01716652140021324,0.0,22.968486785888672,24.44444465637207,0.0
563,12.0,1.0,5.7220458984375e-06,0.0,0.0,-1.0357462167739868,0.0,24.38028335571289,24.44444465637207,0.0
564,13.0,2.0,7.62939453125e-06,0.25,-6.196690082550049,6.196690082550049,6.196690082550049,22.735427856445312,24.44444465637207,0.0
565,14.0,2.0,-0.08540916442871094,0.0,-1.9370598793029785,1.9370598793029785,1.9370598793029785,25.513940811157227,25.44444465637207,0.06949615478515625
566,15.0,2.0,-0.014011383056640625,0.0,0.0,-1.0548300743103027,0.0,26.79254150390625,26.66666603088379,0.12587547302246094
567,16.0,2.0,0.1931285858154297,0.125,0.0,-0.2220420241355896,0.0,26.464031219482422,24.22222137451172,2.241809844970703
568,17.0,2.0,0.048366546630859375,0.125,-0.25854256749153137,0.25854256749153137,0.25854256749153137,26.908287048339844,23.33333396911621,3.574953079223633
569,18.0,3.0,-0.0035724639892578125,0.0,-0.9289909601211548,0.9289909601211548,0.9289909601211548,28.464126586914062,24.05555534362793,4.408571243286133
570,19.0,3.0,-0.01525115966796875,0.125,-0.9328196048736572,0.9328196048736572,0.9328196048736572,26.863990783691406,24.44444465637207,2.419546127319336
571,20.0,3.0,0.005466461181640625,0.0,-0.5895199179649353,0.5895199179649353,0.5895199179649353,28.13865089416504,24.27777862548828,3.860872268676758
572,21.0,3.0,0.011554718017578125,0.125,-1.124459981918335,1.124459981918335,1.124459981918335,26.09314727783203,23.88888931274414,2.2042579650878906
573,22.0,3.0,-0.0032367706298828125,0.0,-0.7614763379096985,0.7614763379096985,0.7614763379096985,27.477828979492188,24.05555534362793,3.422273635864258
574,23.0,3.0,-0.031026840209960938,0.25,-3.065558910369873,3.065558910369873,3.065558910369873,23.320186614990234,24.44444465637207,0.0
575,24.0,3.0,-0.000766754150390625,0.0,-0.37498530745506287,0.37498530745506287,0.37498530745506287,25.487831115722656,24.44444465637207,1.043386459350586
576,1.0,3.0,0.09818267822265625,0.0,-0.3568393290042877,0.3568393290042877,0.3568393290042877,26.174243927001953,23.27777862548828,2.896465301513672
577,2.0,3.0,0.07255172729492188,0.0,-0.3527388870716095,0.3527388870716095,0.3527388870716095,26.589488983154297,22.38888931274414,4.200599670410156
578,3.0,3.0,-0.012434005737304688,0.0,-0.3514370918273926,0.3514370918273926,0.3514370918273926,26.70707130432129,23.33333396911621,3.373737335205078
579,4.0,3.0,0.00318145751953125,0.0,-0.35007867217063904,0.35007867217063904,0.35007867217063904,26.770923614501953,23.16666603088379,3.604257583618164
580,5.0,3.0,0.08057785034179688,1.0,-4.458226680755615,4.458226680755615,4.458226680755615,15.745157241821289,22.22222137451172,0.0
581,6.0,3.0,0.0022029876708984375,0.0,-3.3222358226776123,3.3222358226776123,3.3222358226776123,18.80980110168457,22.22222137451172,0.0
582,7.0,1.0,1.52587890625e-05,0.375,-2.8727200031280518,2.8727200031280518,2.8727200031280518,15.823700904846191,22.22222137451172,0.0
583,8.0,1.0,-0.001209259033203125,0.5,-3.2350611686706543,3.2350611686706543,3.2350611686706543,16.625240325927734,22.27777862548828,0.0
584,9.0,1.0,-0.0038089752197265625,0.0,0.0,-0.07904624193906784,0.0,20.23162078857422,22.77777862548828,0.0
585,10.0,1.0,-0.0797271728515625,0.375,-1.0413068532943726,1.0413068532943726,1.0413068532943726,16.613967895507812,24.44444465637207,0.0
586,11.0,1.0,-0.0001392364501953125,0.0,-0.3174455463886261,0.3174455463886261,0.3174455463886261,19.978206634521484,24.44444465637207,0.0
587,12.0,1.0,3.814697265625e-06,0.0,0.0,-0.8096776008605957,0.0,21.707416534423828,24.44444465637207,0.0
588,13.0,1.0,7.62939453125e-06,0.75,-2.1569595336914062,2.1569595336914062,2.1569595336914062,15.675777435302734,24.44444465637207,0.0
589,14.0,2.0,1.33514404296875e-05,0.0,0.0,-0.8178094029426575,0.0,19.562673568725586,24.44444465637207,0.0
590,15.0,2.0,0.0001316070556640625,0.25,-1.2680678367614746,1.2680678367614746,1.2680678367614746,18.923215866088867,24.44444465637207,0.0
591,16.0,1.0,1.33514404296875e-05,0.125,0.0,-0.10141447186470032,0.0,21.319744110107422,24.44444465637207,0.0
592,17.0,1.0,6.4849853515625e-05,0.0,-0.05079980567097664,0.05079980567097664,0.05079980567097664,23.44842529296875,24.44444465637207,0.0
593,18.0,1.0,-0.0119171142578125,0.0,0.0,-0.07371017336845398,0.0,24.394275665283203,25.44444465637207,0.0
594,19.0,1.0,-0.012464523315429688,0.75,-3.3892982006073,3.3892982006073,3.3892982006073,16.740161895751953,26.38888931274414,0.0
595,20.0,2.0,0.12307167053222656,0.375,-3.8559067249298096,3.8559067249298096,3.8559067249298096,18.70873260498047,24.44444465637207,0.0
596,21.0,3.0,0.0006771087646484375,0.125,-1.124459981918335,1.124459981918335,1.124459981918335,20.541078567504883,24.44444465637207,0.0
597,22.0,3.0,4.76837158203125e-05,0.0,-1.539839744567871,1.539839744567871,1.539839744567871,22.540332794189453,24.44444465637207,0.0
598,23.0,3.0,7.62939453125e-06,0.125,-2.014556407928467,2.014556407928467,2.014556407928467,20.966045379638672,24.44444465637207,0.0
599,24.0,3.0,1.1444091796875e-05,0.0,-0.3560788035392761,0.3560788035392761,0.3560788035392761,22.754898071289062,24.44444465637207,0.0
600,1.0,3.0,0.09202194213867188,0.0,-0.35421058535575867,0.35421058535575867,0.35421058535575867,23.098079681396484,23.33333396911621,0.0
601,2.0,3.0,0.05516815185546875,0.0,-0.3527388870716095,0.3527388870716095,0.3527388870716095,23.474422454833984,22.22222137451172,1.2522010803222656
602,3.0,3.0,0.00151824951171875,0.0,-0.3514370918273926,0.3514370918273926,0.3514370918273926,23.699241638183594,22.22222137451172,1.477020263671875
603,4.0,3.0,0.0002117156982421875,0.0,-0.7576619386672974,0.7576619386672974,0.7576619386672974,23.898054122924805,22.22222137451172,1.675832748413086
604,5.0,3.0,0.000202178955078125,0.0,-1.347259283065796,1.347259283065796,1.347259283065796,24.083560943603516,22.22222137451172,1.8613395690917969
605,6.0,3.0,2.86102294921875e-05,0.0,-0.9380737543106079,0.9380737543106079,0.9380737543106079,24.260540008544922,22.22222137451172,2.038318634033203
606,7.0,2.0,1.1444091796875e-05,0.125,-1.5747194290161133,1.5747194290161133,1.5747194290161133,22.383686065673828,22.22222137451172,0.16146469116210938
607,8.0,2.0,7.62939453125e-06,0.25,-1.7868266105651855,1.7868266105651855,1.7868266105651855,21.26921272277832,22.22222137451172,0.0
608,9.0,1.0,-0.0021419525146484375,0.0,0.0,-0.30828598141670227,0.0,23.72418975830078,22.77777862548828,0.9464111328125
609,10.0,1.0,-0.071533203125,0.125,-0.08095023781061172,0.08095023781061172,0.08095023781061172,23.015615463256836,24.44444465637207,0.0
610,11.0,1.0,-0.0001049041748046875,0.0,0.0,-0.5142026543617249,0.0,24.999736785888672,24.44444465637207,0.5552921295166016
611,12.0,1.0,3.814697265625e-06,0.0,0.0,-0.8544731736183167,0.0,25.890960693359375,24.44444465637207,1.4465160369873047
612,13.0,1.0,5.7220458984375e-06,0.125,0.0,-0.5454503297805786,0.0,25.130149841308594,24.44444465637207,0.6857051849365234
613,14.0,1.0,1.1444091796875e-05,0.125,0.0,-0.30976125597953796,0.0,25.750377655029297,24.44444465637207,1.3059329986572266
614,15.0,1.0,1.1444091796875e-05,0.0,0.0,-1.0116024017333984,0.0,27.580123901367188,24.44444465637207,3.135679244995117
615,16.0,1.0,0.038471221923828125,0.125,0.0,-0.3395104706287384,0.0,26.811180114746094,24.11111068725586,2.7000694274902344
616,17.0,2.0,0.008205413818359375,0.125,0.0,-0.024336066097021103,0.0,27.450971603393555,23.88888931274414,3.562082290649414
617,18.0,3.0,-0.008489608764648438,0.0,-0.38442274928092957,0.38442274928092957,0.38442274928092957,29.169784545898438,24.44444465637207,4.725339889526367
618,19.0,3.0,-0.006771087646484375,0.125,-0.8815788626670837,0.8815788626670837,0.8815788626670837,27.653074264526367,25.16666603088379,2.486408233642578
619,20.0,3.0,0.024578094482421875,0.0,-0.7303415536880493,0.7303415536880493,0.7303415536880493,29.02730941772461,24.44444465637207,4.582864761352539
620,21.0,3.0,0.0003185272216796875,0.125,-1.9028429985046387,1.9028429985046387,1.9028429985046387,27.083703994750977,24.44444465637207,2.6392593383789062
621,22.0,3.0,1.33514404296875e-05,0.125,-0.9679216146469116,0.9679216146469116,0.9679216146469116,26.804603576660156,24.44444465637207,2.360158920288086
622,23.0,3.0,7.62939453125e-06,0.0,-0.4215100109577179,0.4215100109577179,0.4215100109577179,28.21613311767578,24.44444465637207,3.771688461303711
623,24.0,3.0,0.12642288208007812,0.0,-0.3560788035392761,0.3560788035392761,0.3560788035392761,28.52071762084961,22.77777862548828,5.742938995361328
624,1.0,3.0,-0.0033359527587890625,0.125,-0.867913007736206,0.867913007736206,0.867913007736206,25.919326782226562,23.33333396911621,2.5859928131103516
625,2.0,3.0,0.10886383056640625,0.0,-0.3527388870716095,0.3527388870716095,0.3527388870716095,27.64104461669922,22.22222137451172,5.4188232421875
626,3.0,3.0,0.0044536590576171875,0.125,-0.8651395440101624,0.8651395440101624,0.8651395440101624,24.723712921142578,22.22222137451172,2.5014915466308594
627,4.0,3.0,0.0005283355712890625,0.0,-0.319633424282074,0.319633424282074,0.319633424282074,26.51850700378418,22.22222137451172,4.296285629272461
628,5.0,3.0,9.34600830078125e-05,0.0,-0.34860697388648987,0.34860697388648987,0.34860697388648987,26.78778839111328,22.22222137451172,4.5655670166015625
629,6.0,3.0,2.09808349609375e-05,0.125,-0.8624793291091919,0.8624793291091919,0.8624793291091919,24.327285766601562,22.22222137451172,2.1050643920898438
630,7.0,2.0,1.1444091796875e-05,0.125,-0.8561650514602661,0.8561650514602661,0.8561650514602661,24.3184871673584,22.22222137451172,2.0962657928466797
631,8.0,2.0,7.62939453125e-06,0.0,-0.3763113021850586,0.3763113021850586,0.3763113021850586,26.299901962280273,22.22222137451172,4.077680587768555
632,9.0,0.0,-0.0029315948486328125,0.5,-1.6810672283172607,1.6810672283172607,1.6810672283172607,19.34425926208496,22.77777862548828,0.0
633,10.0,1.0,-0.06308555603027344,0.25,-0.3089856505393982,0.3089856505393982,0.3089856505393982,21.612003326416016,24.44444465637207,0.0
634,11.0,1.0,-8.96453857421875e-05,0.25,-0.02812383696436882,0.02812383696436882,0.02812383696436882,22.673870086669922,24.44444465637207,0.0
635,12.0,1.0,3.814697265625e-06,0.0,0.0,-1.164985179901123,0.0,25.697542190551758,24.44444465637207,1.2530975341796875
636,13.0,1.0,-0.08955955505371094,0.0,0.0,-1.2253801822662354,0.0,27.110122680664062,26.38888931274414,0.7212333679199219
637,14.0,1.0,-0.0001392364501953125,0.0,0.0,-1.243593454360962,0.0,28.310312271118164,26.66666603088379,1.643646240234375
638,15.0,2.0,0.09041976928710938,0.25,-0.33370766043663025,0.33370766043663025,0.33370766043663025,26.498916625976562,25.0,1.4989166259765625
639,16.0,2.0,0.017984390258789062,0.125,0.0,-0.1836881786584854,0.0,28.182209014892578,24.44444465637207,3.737764358520508
640,17.0,2.0,0.0002155303955078125,0.0,-0.41181862354278564,0.41181862354278564,0.41181862354278564,29.943130493164062,24.44444465637207,5.498685836791992
641,18.0,3.0,-0.04916954040527344,0.0,-0.31945550441741943,0.31945550441741943,0.31945550441741943,30.699527740478516,26.66666603088379,4.032861709594727
642,19.0,2.0,0.053363800048828125,0.25,-1.572640299797058,1.572640299797058,1.572640299797058,27.6221866607666,26.0,1.6221866607666016
643,20.0,2.0,0.09593772888183594,0.375,-2.058601140975952,2.058601140975952,2.058601140975952,25.454853057861328,23.33333396911621,2.121519088745117
644,21.0,3.0,-5.7220458984375e-05,0.0,-0.8479077816009521,0.8479077816009521,0.8479077816009521,28.07896614074707,24.44444465637207,3.634521484375
645,22.0,3.0,5.7220458984375e-06,0.125,-4.6465840339660645,4.6465840339660645,4.6465840339660645,26.86499786376953,24.44444465637207,2.420553207397461
646,23.0,3.0,7.62939453125e-06,0.0,-0.4215100109577179,0.4215100109577179,0.4215100109577179,28.632301330566406,24.44444465637207,4.187856674194336
647,24.0,3.0,0.1575489044189453,0.0,-0.3560788035392761,0.3560788035392761,0.3560788035392761,29.16168975830078,22.22222137451172,6.9394683837890625
648,1.0,3.0,-0.001399993896484375,0.125,-0.867913007736206,0.867913007736206,0.867913007736206,26.653034210205078,23.33333396911621,3.319700241088867
649,2.0,3.0,0.07570648193359375,0.125,-0.8664413690567017,0.8664413690567017,0.8664413690567017,26.097190856933594,22.22222137451172,3.874969482421875
650,3.0,3.0,0.006305694580078125,0.125,-0.8651395440101624,0.8651395440101624,0.8651395440101624,25.40941047668457,22.22222137451172,3.1871891021728516
651,4.0,3.0,0.0004825592041015625,0.0,-0.35007867217063904,0.35007867217063904,0.35007867217063904,27.124292373657227,22.22222137451172,4.902070999145508
652,5.0,3.0,6.29425048828125e-05,0.0,-0.34860697388648987,0.34860697388648987,0.34860697388648987,27.46123695373535,22.22222137451172,5.239015579223633
653,6.0,3.0,-0.0001544952392578125,0.0,-1.3677350282669067,1.3677350282669067,1.3677350282669067,27.773006439208984,22.22222137451172,5.550785064697266
654,7.0,2.0,3.814697265625e-06,0.125,-3.2193245887756348,3.2193245887756348,3.2193245887756348,25.630069732666016,22.22222137451172,3.407848358154297
655,8.0,2.0,9.5367431640625e-06,0.0,-1.1488118171691895,1.1488118171691895,1.1488118171691895,27.66582679748535,22.22222137451172,5.443605422973633
656,9.0,1.0,5.7220458984375e-06,0.125,-0.14743565022945404,0.14743565022945404,0.14743565022945404,26.223575592041016,22.22222137451172,4.001354217529297
657,10.0,1.0,-0.09137535095214844,0.25,-0.277178019285202,0.277178019285202,0.277178019285202,25.427722930908203,24.44444465637207,0.9832782745361328
658,11.0,1.0,-8.96453857421875e-05,0.25,-0.05486880615353584,0.05486880615353584,0.05486880615353584,25.695938110351562,24.44444465637207,1.2514934539794922
659,12.0,1.0,0.05076026916503906,0.0,0.0,-0.24473510682582855,0.0,28.41539764404297,22.22222137451172,6.19317626953125
660,13.0,1.0,-0.00727081298828125,0.0,0.0,-0.9004762172698975,0.0,29.423309326171875,24.44444465637207,4.978864669799805
661,14.0,1.0,-5.14984130859375e-05,0.0,0.0,-1.1207208633422852,0.0,30.42206573486328,24.44444465637207,5.977621078491211
662,15.0,1.0,-1.9073486328125e-06,0.375,-2.277599573135376,2.277599573135376,2.277599573135376,26.525733947753906,24.44444465637207,2.081289291381836
663,16.0,1.0,3.814697265625e-06,0.125,0.0,-0.36293742060661316,0.0,29.006744384765625,24.44444465637207,4.562299728393555
664,17.0,2.0,5.7220458984375e-06,0.0,-0.00890298467129469,0.00890298467129469,0.00890298467129469,31.07653045654297,24.44444465637207,6.632085800170898
665,18.0,3.0,3.814697265625e-06,0.5,-1.9806545972824097,1.9806545972824097,1.9806545972824097,24.932567596435547,24.44444465637207,0.48812294006347656
666,19.0,3.0,3.814697265625e-06,0.0,-0.40967029333114624,0.40967029333114624,0.40967029333114624,28.70940399169922,24.44444465637207,4.264959335327148
667,20.0,3.0,3.814697265625e-06,0.0,-2.1317942142486572,2.1317942142486572,2.1317942142486572,29.843040466308594,24.44444465637207,5.398595809936523
668,21.0,3.0,3.814697265625e-06,0.125,-1.2168179750442505,1.2168179750442505,1.2168179750442505,28.41024398803711,24.44444465637207,3.965799331665039
669,22.0,3.0,7.62939453125e-06,0.125,-7.5412163734436035,7.5412163734436035,7.5412163734436035,28.14662742614746,24.44444465637207,3.7021827697753906
670,23.0,2.0,7.62939453125e-06,0.0,-0.4215100109577179,0.4215100109577179,0.4215100109577179,29.74215316772461,24.44444465637207,5.297708511352539
671,24.0,2.0,1.1444091796875e-05,0.0,-0.37498530745506287,0.37498530745506287,0.37498530745506287,30.144046783447266,24.44444465637207,5.699602127075195
672,1.0,2.0,0.09442329406738281,0.125,-0.8705418109893799,0.8705418109893799,0.8705418109893799,27.324071884155273,23.33333396911621,3.9907379150390625
673,2.0,3.0,0.04526329040527344,0.125,-0.8587806224822998,0.8587806224822998,0.8587806224822998,26.802928924560547,22.22222137451172,4.580707550048828
674,3.0,3.0,0.00127410888671875,0.125,-2.214872121810913,2.214872121810913,2.214872121810913,26.125595092773438,22.22222137451172,3.9033737182617188
675,4.0,3.0,0.000186920166015625,0.0,-0.35007867217063904,0.35007867217063904,0.35007867217063904,27.933727264404297,22.22222137451172,5.711505889892578
676,5.0,3.0,1.71661376953125e-05,0.0,-0.34860697388648987,0.34860697388648987,0.34860697388648987,28.30280876159668,22.22222137451172,6.080587387084961
677,6.0,3.0,1.52587890625e-05,0.125,-0.8624793291091919,0.8624793291091919,0.8624793291091919,25.690387725830078,22.22222137451172,3.4681663513183594
678,7.0,3.0,1.1444091796875e-05,0.5,-3.07175612449646,3.07175612449646,3.07175612449646,20.731063842773438,22.22222137451172,0.0
679,8.0,2.0,9.5367431640625e-06,0.0,-0.21681378781795502,0.21681378781795502,0.21681378781795502,23.69708251953125,22.22222137451172,1.4748611450195312
680,9.0,1.0,-0.0038700103759765625,0.125,-0.3217260241508484,0.3217260241508484,0.3217260241508484,23.671741485595703,22.77777862548828,0.8939628601074219
681,10.0,1.0,-0.047367095947265625,0.25,-1.4296106100082397,1.4296106100082397,1.4296106100082397,23.607738494873047,24.44444465637207,0.0
682,11.0,1.0,0.020280838012695312,0.0,0.0,-0.8945507407188416,0.0,26.369400024414062,22.77777862548828,3.5916213989257812
683,12.0,1.0,-0.04557609558105469,0.0,0.0,-0.21135073900222778,0.0,27.484394073486328,24.44444465637207,3.039949417114258
684,13.0,1.0,0.058399200439453125,0.125,0.0,-0.6754846572875977,0.0,27.05178451538086,22.22222137451172,4.829563140869141
685,14.0,1.0,-0.013040542602539062,0.0,0.0,-1.1782113313674927,0.0,29.02434539794922,24.44444465637207,4.579900741577148
686,15.0,1.0,-0.0001773834228515625,0.0,0.0,-1.0789623260498047,0.0,29.84726333618164,24.44444465637207,5.40281867980957
687,16.0,1.0,-1.33514404296875e-05,0.125,0.0,-0.4128248691558838,0.0,29.208599090576172,24.44444465637207,4.764154434204102
688,17.0,1.0,3.814697265625e-06,0.375,-1.9705731868743896,1.9705731868743896,1.9705731868743896,26.69083023071289,24.44444465637207,2.2463855743408203
689,18.0,2.0,-0.0075206756591796875,0.125,-1.8634533882141113,1.8634533882141113,1.8634533882141113,28.546401977539062,25.94444465637207,2.601957321166992
690,19.0,3.0,-0.021759033203125,0.125,-1.9581375122070312,1.9581375122070312,1.9581375122070312,28.722047805786133,26.44444465637207,2.2776031494140625
691,20.0,3.0,0.0814208984375,0.0,-1.0972508192062378,1.0972508192062378,1.0972508192062378,30.446990966796875,24.44444465637207,6.002546310424805
692,21.0,3.0,0.0006999969482421875,0.125,-0.9606742858886719,0.9606742858886719,0.9606742858886719,28.459060668945312,24.44444465637207,4.014616012573242
693,22.0,3.0,0.1500720977783203,0.0,-0.45421919226646423,0.45421919226646423,0.45421919226646423,30.38933563232422,22.22222137451172,8.1671142578125
694,23.0,3.0,0.064178466796875,0.125,-1.086995005607605,1.086995005607605,1.086995005607605,27.693161010742188,21.11111068725586,6.582050323486328
695,24.0,3.0,-0.011379241943359375,0.125,-0.8697812557220459,0.8697812557220459,0.8697812557220459,27.311092376708984,21.66666603088379,5.644426345825195
696,1.0,3.0,-0.014011383056640625,0.125,-0.867913007736206,0.867913007736206,0.867913007736206,26.541118621826172,23.33333396911621,3.207784652709961
697,2.0,3.0,-0.0009708404541015625,0.875,-3.9486560821533203,3.9486560821533203,3.9486560821533203,17.852312088012695,23.72222137451172,0.0
698,3.0,3.0,-0.00621795654296875,0.0,-0.3514370918273926,0.3514370918273926,0.3514370918273926,20.739444732666016,24.44444465637207,0.0
699,4.0,3.0,-0.000186920166015625,0.375,-1.8911861181259155,1.8911861181259155,1.8911861181259155,17.802515029907227,24.44444465637207,0.0
700,5.0,3.0,0.0,0.0,-0.34860697388648987,0.34860697388648987,0.34860697388648987,20.55593490600586,24.44444465637207,0.0
701,6.0,3.0,-8.20159912109375e-05,0.0,-0.3487769067287445,0.3487769067287445,0.3487769067287445,22.07526969909668,24.44444465637207,0.0
702,7.0,3.0,3.814697265625e-06,0.0,-0.3108523190021515,0.3108523190021515,0.3108523190021515,23.259620666503906,24.44444465637207,0.0
703,8.0,3.0,5.7220458984375e-06,0.0,-1.3067142963409424,1.3067142963409424,1.3067142963409424,24.21173095703125,24.44444465637207,0.0
704,9.0,3.0,9.5367431640625e-06,0.125,-1.2729237079620361,1.2729237079620361,1.2729237079620361,23.628082275390625,24.44444465637207,0.0
705,10.0,2.0,3.814697265625e-06,0.625,-4.474002361297607,4.474002361297607,4.474002361297607,19.806251525878906,24.44444465637207,0.0
706,11.0,2.0,5.7220458984375e-06,0.125,-1.7346668243408203,1.7346668243408203,1.7346668243408203,22.494224548339844,24.44444465637207,0.0
707,12.0,2.0,3.814697265625e-06,0.25,0.0,-0.04660745710134506,0.0,22.77436065673828,24.44444465637207,0.0
708,13.0,2.0,3.814697265625e-06,0.25,0.0,-0.1358092576265335,0.0,24.02129364013672,24.44444465637207,0.0
709,14.0,2.0,5.7220458984375e-06,0.25,-0.08889664709568024,0.08889664709568024,0.08889664709568024,24.78631591796875,24.44444465637207,0.3418712615966797
710,15.0,3.0,5.7220458984375e-06,0.25,-0.5217735767364502,0.5217735767364502,0.5217735767364502,25.525182723999023,24.44444465637207,1.0807380676269531
711,16.0,2.0,3.814697265625e-06,0.125,0.0,-0.18278545141220093,0.0,27.064189910888672,24.44444465637207,2.6197452545166016
712,17.0,1.0,3.814697265625e-06,0.0,0.0,-0.03524324670433998,0.0,28.83163070678711,24.44444465637207,4.387186050415039
713,18.0,2.0,1.9073486328125e-06,0.0,-0.20622381567955017,0.20622381567955017,0.20622381567955017,29.591045379638672,24.44444465637207,5.146600723266602
714,19.0,2.0,-0.008352279663085938,0.0,-0.3609231412410736,0.3609231412410736,0.3609231412410736,30.091644287109375,25.05555534362793,5.036088943481445
715,20.0,1.0,0.024173736572265625,0.625,-3.429661989212036,3.429661989212036,3.429661989212036,20.789573669433594,24.44444465637207,0.0
716,21.0,1.0,0.0004138946533203125,0.375,-2.74360990524292,2.74360990524292,2.74360990524292,22.3253173828125,24.44444465637207,0.0
717,22.0,2.0,1.9073486328125e-05,0.75,-4.645946979522705,4.645946979522705,4.645946979522705,18.799152374267578,24.44444465637207,0.0
718,23.0,2.0,7.62939453125e-06,0.0,-0.4215100109577179,0.4215100109577179,0.4215100109577179,21.950138092041016,24.44444465637207,0.0
